{"val_accuracy":87.03703703703704,"_wandb":{"runtime":70},"_runtime":70,"fold":4,"train_loss":0.11833997011523355,"train_recall":0.9462962962962963,"train_precision":0.9605263157894737,"epoch":13,"_timestamp":1.7685864941043928e+09,"train_accuracy":95.37037037037037,"val_loss":0.6740474489827951,"train_f1":0.9533582089552238,"val_precision":0.9166666666666666,"val_confusion_matrix_table":{"_latest_artifact_path":"wandb-client-artifact://svbu0gi17y0u3alzcd7orcn8gdib5m3anewihngzpou52stgezow7ot3bbx1c322cszj7ok7mq1xj1u505n09w7luyyi3a09bhpi3ew8x6xz98du4utxo824yzsvord8:latest/val_confusion_matrix_table.table.json","path":"media/table/val_confusion_matrix_table_3_95147c66514e9f12f3ed.table.json","artifact_path":"wandb-client-artifact://4a5zs26jbw8koxhvw5yugy4xifd9niueg4wyulf4cm0x33o00e61l9yaqkbigfnfzgg2jmqb98czgdfh58sq1ksszck5xbcj20nlwpah37d2lbq3l1bbn90akdwq7i8c/val_confusion_matrix_table.table.json","_type":"table-file","log_mode":"IMMUTABLE","size":248,"sha256":"95147c66514e9f12f3ede95a69c4d3eaf758cc49a48ee7f3321f0b316d55ba77","ncols":3,"nrows":4},"val_f1":0.8736462093862816,"val_recall":0.8344827586206897,"_step":13}