{"val_recall":0.9241379310344827,"_wandb":{"runtime":92},"val_precision":0.8589743589743589,"val_accuracy":87.77777777777777,"val_f1":0.8903654485049833,"train_accuracy":96.48148148148148,"_step":14,"train_loss":0.09237607369538058,"fold":2,"val_confusion_matrix_table":{"path":"media/table/val_confusion_matrix_table_4_f0df0e2577d48dd6505b.table.json","nrows":4,"sha256":"f0df0e2577d48dd6505bbeddf6372855f21ff2317b872898944a65b280713df5","size":248,"log_mode":"IMMUTABLE","artifact_path":"wandb-client-artifact://qnr5mkrheotneunoukc2190udf83kfrygq2458vc0ob24ww3t88x265jp6gvtu1xzeic265chk665a5ad71bmfiqv43197m5zp8ercb0j5c1rofiwi27gk8nyhgd3d8j/val_confusion_matrix_table.table.json","_latest_artifact_path":"wandb-client-artifact://m9wtxi7kfcesio7dp862m2f2pra1g3y9o4ygajeds5swfmcyqpf3knonvwddv93rq81azvyihjf2yyttynds6ahjapllabvk02siip747swn77osjg2njen442t3q1fs:latest/val_confusion_matrix_table.table.json","ncols":3,"_type":"table-file"},"epoch":14,"train_recall":0.9574074074074074,"_runtime":92,"train_f1":0.9645522388059702,"train_precision":0.9718045112781954,"val_loss":0.5068865468104681,"_timestamp":1.7661655848325953e+09}