{"_wandb":{"runtime":77},"val_f1":0.8783783783783784,"epoch":17,"val_loss":0.4352058346072833,"train_precision":0.9625468164794008,"val_confusion_matrix_table":{"_latest_artifact_path":"wandb-client-artifact://13kw4ay2d49ao54u7iedubzsy1sxtovjkho3m21kwzopjfjg9cpbl01aktf28a03jn5mflec629el51sz49b2ixepnnutnpzx7jgl1s3b36fnnc76lled45asj42ddcm:latest/val_confusion_matrix_table.table.json","nrows":4,"path":"media/table/val_confusion_matrix_table_7_78d232ef4dbacc0f4dd8.table.json","_type":"table-file","log_mode":"IMMUTABLE","sha256":"78d232ef4dbacc0f4dd89005a5ee09d0ca1381dfcde3ced5509d3e1a6bd224f6","size":248,"artifact_path":"wandb-client-artifact://05fs67ph351yudephg3c0xr69l6lamzrcozn7474xtkhv78mwbwv8co7tfdkxqa1vrxjp2x9fncczvhkugozq4hb3hdh3qrcpn38g276oulyye7um11wdt7jfhemtgxj/val_confusion_matrix_table.table.json","ncols":3},"train_accuracy":95.74074074074075,"train_f1":0.957169459962756,"val_accuracy":86.66666666666667,"_runtime":77,"val_precision":0.8609271523178808,"_step":17,"fold":3,"train_recall":0.9518518518518518,"_timestamp":1.7684655217575157e+09,"val_recall":0.896551724137931,"train_loss":0.1090110723267902}