{"fold":1,"_step":15,"_wandb":{"runtime":57},"_timestamp":1.7659025756911771e+09,"train_f1":0.9555549458840312,"val_accuracy":92.22222222222223,"train_accuracy":95.55555555555556,"val_precision":0.9225925925925926,"train_loss":0.13845402065833862,"train_recall":0.9555555555555556,"val_loss":0.3058183491230011,"val_f1":0.9220877051385525,"val_recall":0.9222222222222223,"train_precision":0.9555805531167691,"_runtime":57,"epoch":15}