{"train_recall":0.9592592592592593,"val_recall":0.9241379310344827,"_step":18,"val_f1":0.8963210702341137,"epoch":18,"train_loss":0.10927149771966717,"val_loss":0.430537444849809,"train_precision":0.9700374531835206,"fold":2,"val_precision":0.8701298701298701,"train_f1":0.9646182495344506,"val_accuracy":88.51851851851852,"_timestamp":1.768376393230082e+09,"train_accuracy":96.48148148148148,"_runtime":104,"_wandb":{"runtime":104},"val_confusion_matrix_table":{"size":248,"_latest_artifact_path":"wandb-client-artifact://o1fp46h9idr95wcl7gaxuzjht7lhl8a0p87drcotqv7x1x203pgixspnezikm2odtiql26eabt9ojbu0wcmq57lld9h82vyi17hxy1jcofzumkwwxta8xjc02iz5pjfs:latest/val_confusion_matrix_table.table.json","path":"media/table/val_confusion_matrix_table_8_3711279bfd29d635acee.table.json","nrows":4,"sha256":"3711279bfd29d635acee3e25b7ba80b6093a5d103c3d24bd34b3b44d7ebcd117","ncols":3,"log_mode":"IMMUTABLE","_type":"table-file","artifact_path":"wandb-client-artifact://3mn6hbog61s4gzk4kw1lrwlz6dkln1qfv7og99ac9sh9glzuse8c4bdb319cezq4cz2xvj4eqkjx4o9o8id2upv60ycqoyyfilcq4sm3d9bzwxjvks6p0j426d22nn9p/val_confusion_matrix_table.table.json"}}