{"train_loss":0.08903922064399178,"val_f1":0.8809876543209877,"_wandb":{"runtime":128},"val_confusion_matrix_table":{"nrows":4,"_latest_artifact_path":"wandb-client-artifact://wnmh172ces9sg6rz3j2qjok5u3brij0x2v4ttiyyseyo94kvej7jat4ef1f8c2o5rjnamswo6qqposwkvh15e0g5rg3bkru3laqz7oqx7tw8ol9svwzb8d2kd5q9z5my:latest/val_confusion_matrix_table.table.json","size":176,"ncols":3,"_type":"table-file","artifact_path":"wandb-client-artifact://uyk9r9t8w27dwrt73fikbg3abpn2hdodcsj2wrui9ihfbxkvhhepve8mi9rr9tws7tb5wuvbtprpbhblrtozpaa197lq9owayh34lnnthpzrl0ex66n45mck8th104za/val_confusion_matrix_table.table.json","sha256":"520fd68145137af3c9cf76b0de3c30fa745a01206c1e30749f15d26e542716c3","log_mode":"IMMUTABLE","path":"media/table/val_confusion_matrix_table_33_520fd68145137af3c9cf.table.json"},"_step":33,"train_accuracy":96.48148148148148,"val_loss":0.43422121927142143,"fold":4,"train_f1":0.9648070907194995,"val_accuracy":88.14814814814815,"train_precision":0.9652232412543248,"_runtime":128,"train_recall":0.9648148148148148,"val_precision":0.8829567295205445,"epoch":16,"_timestamp":1.765959857502136e+09,"val_recall":0.8814814814814815}