{"val_f1":0.8934707903780069,"fold":3,"train_accuracy":96.85185185185185,"train_recall":0.9629629629629629,"val_recall":0.896551724137931,"train_precision":0.9737827715355806,"val_confusion_matrix_table":{"path":"media/table/val_confusion_matrix_table_6_050a112cf7138e003444.table.json","_type":"table-file","size":248,"sha256":"050a112cf7138e003444e657724af227dcbb8feb014370b2c29eb54e740ee46d","nrows":4,"_latest_artifact_path":"wandb-client-artifact://t1ic5l5v6qr559zku39fnhkyx8i3ioy0u5w5torqosv3xnpmhr4ewvjy5yie437aq0of4lm1kriofh0ru7bi2c7rm1l0bzxrvupdbezy36p319ylizndhiog5a0cdplm:latest/val_confusion_matrix_table.table.json","artifact_path":"wandb-client-artifact://gdqfh81igvstb9v0nu17h8of8bgyyb7zlbb8jsw2v62b2onn8jzr8imxq35x7mv4hljcp0sqksjrm8clu4qwvzvx9zdxgxzbpo52uustd3eo7nqjaodgnipnt890rpxe/val_confusion_matrix_table.table.json","ncols":3,"log_mode":"IMMUTABLE"},"_step":16,"_timestamp":1.7684652864997034e+09,"train_f1":0.9683426443202979,"val_precision":0.8904109589041096,"epoch":16,"_wandb":{"runtime":76},"_runtime":76,"train_loss":0.10598294233733957,"val_accuracy":88.51851851851852,"val_loss":0.46644580115874607}