{"train_recall":0.9685185185185186,"val_recall":0.9310344827586207,"val_loss":0.43115076422691345,"val_precision":0.8544303797468354,"_timestamp":1.7683740576950963e+09,"val_f1":0.8910891089108911,"train_precision":0.9757462686567164,"train_accuracy":97.22222222222223,"val_accuracy":87.77777777777777,"_wandb":{"runtime":93},"epoch":19,"_runtime":93,"_step":19,"fold":2,"train_f1":0.9721189591078067,"val_confusion_matrix_table":{"_type":"table-file","artifact_path":"wandb-client-artifact://24v0un5xty49rqmmddzdjbsmmymckg2ubrfpkzg0y6i2k7k71o3adpkgqav2i6ty00hiy5tl5h6r03nqu2hhwegx2d47o9e7mxch08xsg3qmq1zm494ut7l4dii9u1mh/val_confusion_matrix_table.table.json","size":248,"log_mode":"IMMUTABLE","_latest_artifact_path":"wandb-client-artifact://oewm2w0r3geer6ew7d3aorkqlnj8my7sbm3nlmokzhg1ku6vdb2t8figf7fdjj06835lfhijvw6a4jomix9ks1fnbvzkkm4gxqyv9lrir78kwcsfnzu5vpjhv76z6o51:latest/val_confusion_matrix_table.table.json","nrows":4,"ncols":3,"sha256":"1a94e1f4305c04ec044ec4a52be97f32332cfa75883e77bf58f5430f140385fc","path":"media/table/val_confusion_matrix_table_9_1a94e1f4305c04ec044e.table.json"},"train_loss":0.09626011067832058}