{"_step":16,"train_precision":0.9757462686567164,"_runtime":86,"val_precision":0.868421052631579,"train_accuracy":97.22222222222223,"_timestamp":1.7673563476447737e+09,"val_recall":0.9103448275862069,"_wandb":{"runtime":86},"fold":3,"val_loss":0.36376181786710565,"val_f1":0.8888888888888888,"train_recall":0.9685185185185186,"train_loss":0.09035978398539803,"val_confusion_matrix_table":{"_latest_artifact_path":"wandb-client-artifact://gl0whek15515qpbbkkrp03ooyiinhwidoh2bh3f4nzt98a4h0ur9k7lk4fssutfakyzkepvddt85e4jhbmye88bfwbv52m41cjrl9kbpo5ceams6t8xia2ffpymg27ap:latest/val_confusion_matrix_table.table.json","ncols":3,"size":248,"path":"media/table/val_confusion_matrix_table_6_db8a0bb4ae2fa06fc334.table.json","log_mode":"IMMUTABLE","_type":"table-file","nrows":4,"artifact_path":"wandb-client-artifact://2gaolzduoch5h5dxdm8yjzizcp6ctrjcw9epup87xipcull5oozvyikt9bs3i8wmdaic88gjgme74852wdkbe4wpk1oo9jnldrw68l2wy5i2pneyrwfwka9ibrvqhl0e/val_confusion_matrix_table.table.json","sha256":"db8a0bb4ae2fa06fc33426183bcca6a6e843a6851498c200e88aaa13867d01c1"},"epoch":16,"val_accuracy":87.77777777777777,"train_f1":0.9721189591078067}