{"fold":1,"val_loss":0.4355566203594208,"_wandb":{"runtime":97},"train_f1":0.9655172413793104,"epoch":13,"_runtime":97,"train_precision":0.9718574108818011,"val_confusion_matrix_table":{"sha256":"fd1fca81066940792bb74af7d0589f5363515335676f13b9931043754f440aab","_type":"table-file","log_mode":"IMMUTABLE","_latest_artifact_path":"wandb-client-artifact://2rx7qx85en6acu5p96bixib3zirmx95vamzhffdsfspnksj42hbpmg3d0zm0c941fi41zj1miktxfpz33xquxhufg5fohttslvl9v5klo8pvx2zh0fygopqhwatzn6x0:latest/val_confusion_matrix_table.table.json","ncols":3,"nrows":4,"path":"media/table/val_confusion_matrix_table_3_fd1fca81066940792bb7.table.json","artifact_path":"wandb-client-artifact://1985mh8ddbtwb3a49j1byez3fzxmw8ee664e66gs6iddbhwroole9bhi6wlefixo2hxrrzz2p802qx3dlq1hd8ebov0y4psts501y55lv6mmgke3nkenshkv0teo1iih/val_confusion_matrix_table.table.json","size":248},"val_recall":0.9241379310344827,"val_precision":0.8701298701298701,"_step":13,"train_accuracy":96.57407407407408,"train_recall":0.9592592592592593,"train_loss":0.09476924484426325,"_timestamp":1.7678487331942723e+09,"val_accuracy":88.51851851851852,"val_f1":0.8963210702341137}