{"val_f1":0.8506601120980206,"val_precision":0.8556338548360886,"_runtime":60,"_step":16,"train_precision":0.9564955708509523,"train_recall":0.9564814814814815,"_wandb":{"runtime":60},"val_accuracy":85.18518518518519,"val_loss":0.6651073942581812,"train_loss":0.11239191762764346,"val_recall":0.8518518518518519,"train_f1":0.9564811456878526,"_timestamp":1.7659025148715456e+09,"epoch":16,"train_accuracy":95.64814814814815,"fold":0}