{"train_precision":0.9685185185185186,"train_loss":0.0811973471956497,"val_accuracy":87.03703703703704,"epoch":20,"fold":1,"train_accuracy":96.85185185185185,"val_precision":0.871396642948367,"val_loss":0.4493124994138877,"train_recall":0.9685185185185186,"_timestamp":1.7659036819227493e+09,"_wandb":{"runtime":81},"_step":20,"_runtime":81,"train_f1":0.9685185185185186,"val_f1":0.869900847710698,"val_recall":0.8703703703703703}