{"_runtime":98,"val_accuracy":88.88888888888889,"_wandb":{"runtime":98},"train_loss":0.07608430070633238,"val_confusion_matrix_table":{"nrows":4,"_type":"table-file","sha256":"050a112cf7138e003444e657724af227dcbb8feb014370b2c29eb54e740ee46d","_latest_artifact_path":"wandb-client-artifact://du6q76yne58mah2dau8548n0ukpb6vfeewkz0kdc07qtukpx5qdcwb59fchzal5mv8xv91xdvfskz5aonh6zcfgvfbb1w4euj3bfv0yije26xruuz66fyhe2a3et26x1:latest/val_confusion_matrix_table.table.json","size":248,"ncols":3,"log_mode":"IMMUTABLE","path":"media/table/val_confusion_matrix_table_5_050a112cf7138e003444.table.json","artifact_path":"wandb-client-artifact://nytky44pgfoqyj51pdrrynt64ow8uccgyb8y0jr558kjvrrt5w3jegzachp7ulg9t1gkzcuv13pnwvn0779i4mbarem49wbthem3h7xot5lbquv193phoh81gm02pcdq/val_confusion_matrix_table.table.json"},"train_f1":0.9703703703703703,"val_loss":0.3869778911272685,"val_precision":0.9078014184397163,"train_recall":0.9703703703703703,"fold":0,"val_f1":0.8951048951048951,"train_accuracy":97.03703703703704,"_timestamp":1.7678486322807593e+09,"_step":15,"train_precision":0.9703703703703703,"val_recall":0.8827586206896552,"epoch":15}