{"train_precision":0.9722805284603038,"val_precision":0.8621325728243967,"_runtime":141,"train_accuracy":97.22222222222223,"train_loss":0.07965992323376915,"fold":0,"_wandb":{"runtime":141},"train_recall":0.9722222222222222,"_timestamp":1.7659919854180672e+09,"train_f1":0.9722213648569401,"epoch":16,"_step":33,"val_recall":0.8592592592592593,"val_accuracy":85.92592592592592,"val_confusion_matrix_table":{"_type":"table-file","sha256":"6da4d3390ca71f66a05384a0d7995c9a2d7276d6f6292acfc5ddd68c99f60df6","artifact_path":"wandb-client-artifact://iiu36rz7n10bdp2vvgd6l415ksnpf7ll3vkrw48loibq2xklxkcosotrl3st05c9x3cb5aafqqhuimyid6ifgiqv6cxzsk85h5wizkfe7yrqb0bu5zybrtc6hk72ar04/val_confusion_matrix_table.table.json","ncols":3,"path":"media/table/val_confusion_matrix_table_33_6da4d3390ca71f66a053.table.json","_latest_artifact_path":"wandb-client-artifact://dm5b3vqizm037469iguxk2x2kogsgbnfgt6gnjpn4hpebeou8am62x0n3lvap3hndok2j8hce6oglylktyygrzlbaqtz7202of350q6gpf6t6sotjudl98bifj43lld9:latest/val_confusion_matrix_table.table.json","log_mode":"IMMUTABLE","size":247,"nrows":4},"val_f1":0.8583254865034526,"val_loss":0.5926870356003443}