{"epoch":17,"train_precision":0.9663551401869159,"train_accuracy":96.20370370370371,"val_confusion_matrix_table":{"_latest_artifact_path":"wandb-client-artifact://kptp2e71u20h89azcebydqaq85n7xexaxzdugg85i3e3jhbnipjjet72tnrneok4gyck7yfw4acq2hlhrc5m3ij97j0989ixnz4g6es7ll0sk7ntoxlw4scdu4hej5xy:latest/val_confusion_matrix_table.table.json","artifact_path":"wandb-client-artifact://mgk7v15bznu4stlmb6iqoynls7qny32m9wlzi39casv2qgng4xumqm3p0wobbnxfw2yles5m73sra62qorcibu6pj619vhhe7epq1g338dsbbl0ey1tz94g8y5vrk6gx/val_confusion_matrix_table.table.json","nrows":4,"sha256":"5aa03c5ded9410eaf4f83863b690f952cc7c058100b91ade1ce03c946bff0ec4","log_mode":"IMMUTABLE","ncols":3,"size":248,"path":"media/table/val_confusion_matrix_table_7_5aa03c5ded9410eaf4f8.table.json","_type":"table-file"},"val_accuracy":85.92592592592592,"_wandb":{"runtime":130},"val_recall":0.8620689655172413,"_step":17,"_runtime":130,"_timestamp":1.7685598445072548e+09,"val_precision":0.8741258741258742,"val_f1":0.8680555555555556,"train_f1":0.9618604651162791,"train_recall":0.9574074074074074,"val_loss":0.5687760642983697,"fold":2,"train_loss":0.12377103946875484}