{"train_f1":0.961789375582479,"train_precision":0.9681050656660413,"val_loss":0.2513149765630563,"val_precision":0.8670886075949367,"val_f1":0.9042904290429042,"fold":1,"epoch":52,"val_confusion_matrix_table":{"nrows":4,"log_mode":"IMMUTABLE","sha256":"52b5f2e6b6797e9501894096bd8010c8cae147e19a796272ae3ff2d891d8e88d","artifact_path":"wandb-client-artifact://jb28v2no1mdahi8z67q4yh9vczeue32pwg1454wejx8nr96iwvat4tjze021kzdth3jeos38jhn674dwjldp4e2vfmhv2aa5qfpfqvkmh2lcz4vpw9xqkghg3kd7ky9g/val_confusion_matrix_table.table.json","size":247,"path":"media/table/val_confusion_matrix_table_42_52b5f2e6b6797e950189.table.json","ncols":3,"_type":"table-file","_latest_artifact_path":"wandb-client-artifact://f8d04yg187zh5yykzeaqm0e3u7vtc972um2s9xqp8k547445lave84jk7tq2r3295fyhae908nmyd4sry1m1eo1pnj4w1ehtq63khpgb5opizjirs7psxsh7uxwh82rl:latest/val_confusion_matrix_table.table.json"},"_wandb":{"runtime":325},"val_accuracy":89.25925925925925,"_runtime":325,"train_accuracy":96.20370370370371,"train_recall":0.9555555555555556,"_step":52,"_timestamp":1.7685644679761412e+09,"train_loss":0.1302754416723143,"val_recall":0.9448275862068966}