{"train_loss":0.12879280339587817,"epoch":13,"train_f1":0.9535315985130112,"train_recall":0.95,"val_f1":0.9090909090909091,"val_accuracy":90,"train_precision":0.957089552238806,"val_loss":0.439016359547774,"_wandb":{"runtime":73},"val_precision":0.8881578947368421,"val_confusion_matrix_table":{"_latest_artifact_path":"wandb-client-artifact://hvsxqvr5wyorm3batt4rq2szxzdroapjvti8ril1jdbfdo1q9tsl4bqjrgi24o39mbcl8nqkahm5ofboyjkugwfx9qc0d7xpfog6ufayjub2rhkxlwfs6g938wu3zhpm:latest/val_confusion_matrix_table.table.json","sha256":"3711279bfd29d635acee3e25b7ba80b6093a5d103c3d24bd34b3b44d7ebcd117","ncols":3,"size":248,"artifact_path":"wandb-client-artifact://pf8y64dr5tveri1zp4db608ytu0p9p0i9mz46bgmw0ehbt7zpq20du0nin1zik40nk2g0510wk0demkf643z40scqomjem8om15o93hsf1iq9nmixsdge03k1jusq387/val_confusion_matrix_table.table.json","nrows":4,"log_mode":"IMMUTABLE","_type":"table-file","path":"media/table/val_confusion_matrix_table_3_3711279bfd29d635acee.table.json"},"train_accuracy":95.37037037037037,"fold":3,"val_recall":0.9310344827586207,"_timestamp":1.7661656639317594e+09,"_step":13,"_runtime":73}