{"fold":3,"train_f1":0.971295681063123,"_step":19,"_timestamp":1.7659038289622326e+09,"val_precision":0.8863532699739595,"_wandb":{"runtime":74},"val_loss":0.37124380469322205,"train_loss":0.07793895502320745,"epoch":19,"val_f1":0.8847693222580466,"train_accuracy":97.12962962962963,"_runtime":74,"train_precision":0.9713367058218296,"val_accuracy":88.51851851851852,"val_recall":0.8851851851851852,"train_recall":0.9712962962962963}