{"val_confusion_matrix_table":{"path":"media/table/val_confusion_matrix_table_4_289e2191c8f3a54ec504.table.json","ncols":3,"sha256":"289e2191c8f3a54ec5045af8c121477c31c3c5c20496be4be4e77e8033401efa","_latest_artifact_path":"wandb-client-artifact://tvzmwqbgllvnq76935s1g9v1jgpkvxdf3a87qbw9hl8jugbkgyoxd8uf7ohog5s8nhlusegtkgjsot5cbnzfjas2ueyfy181yvt4t465b63mxwagyenehwky7v7gr8g7:latest/val_confusion_matrix_table.table.json","size":248,"nrows":4,"_type":"table-file","artifact_path":"wandb-client-artifact://v16hw75xkcd66lbptn9fawu0wd87vuqpyvwy4pww7idc3ro08ps6a7wq2qkbi6p6xwtuz4evb190trk5vba2h9g3shun9yf1idn99khe6wzyecfpfdusg2prilrqtvpp/val_confusion_matrix_table.table.json","log_mode":"IMMUTABLE"},"_wandb":{"runtime":85},"_step":14,"val_precision":0.8410596026490066,"val_accuracy":84.44444444444444,"train_precision":0.9753787878787878,"_timestamp":1.76616395190966e+09,"val_loss":0.5851352562506994,"val_f1":0.8581081081081081,"epoch":14,"train_recall":0.9537037037037037,"val_recall":0.8758620689655172,"fold":0,"train_loss":0.10699741610071876,"_runtime":85,"train_accuracy":96.48148148148148,"train_f1":0.9644194756554307}