{"_runtime":55.8803601,"_step":9,"train_loss":0.17206605148556478,"_wandb":{"runtime":55},"train_accuracy":94.35707678075856,"val_loss":0.3883606970638913,"val_accuracy":85.60885608856088,"_timestamp":1.7518542273595116e+09}