{"train_recall":0.9481481481481482,"_step":15,"fold":4,"_runtime":89,"epoch":15,"train_loss":0.1198900118470192,"val_loss":0.5087525707979997,"val_confusion_matrix_table":{"artifact_path":"wandb-client-artifact://zmyisj7a266zbxbdvem5iafhkuahrak1beybs5usd9m1r2jre2ri5tklnpffj1dei5fvwm9rojwcpox0o7dal6ji8np9qpj4dvu0uk0f49me2cvows5ypc1a784vwctt/val_confusion_matrix_table.table.json","ncols":3,"_type":"table-file","sha256":"b1f38ada290688619026bbe7f366f5893749a3161f6b781b802be73c1f7974f1","nrows":4,"path":"media/table/val_confusion_matrix_table_5_b1f38ada290688619026.table.json","log_mode":"IMMUTABLE","_latest_artifact_path":"wandb-client-artifact://ty5yariab44mkhpssoz1ouoy4tmi7kh86ooijwm6z9r5votidp2jslwp9qinmbb39gq3z6mg03e3wbo00h5tyd5venz7dnu743s5fta0n30eggigjzg9k3fy3bscin20:latest/val_confusion_matrix_table.table.json","size":248},"val_precision":0.869281045751634,"val_accuracy":88.14814814814815,"train_f1":0.9499072356215214,"val_recall":0.9172413793103448,"val_f1":0.8926174496644296,"_timestamp":1.7683766134046142e+09,"_wandb":{"runtime":89},"train_accuracy":95,"train_precision":0.9516728624535316}