{"val_recall":0.8896551724137931,"train_accuracy":96.57407407407408,"val_loss":0.38384460906187695,"_runtime":102,"_step":19,"val_accuracy":87.03703703703704,"epoch":19,"train_f1":0.9658986175115207,"_timestamp":1.768582433287296e+09,"fold":2,"val_precision":0.8716216216216216,"_wandb":{"runtime":102},"train_precision":0.9614678899082569,"train_loss":0.1190265439112078,"val_f1":0.8805460750853242,"val_confusion_matrix_table":{"artifact_path":"wandb-client-artifact://demcdyjxavwjc885dnahxs4pimw731pye920uf5dhaqrhcw4qfp1y09ej35t2m4licni6tw66pp6he7k423wa50n6cu9u9hyab4n6ga12t8i6ypuearmhxfbtbpaa52o/val_confusion_matrix_table.table.json","ncols":3,"log_mode":"IMMUTABLE","_latest_artifact_path":"wandb-client-artifact://73i57xsbfi8pygw3r2mwquz9buz4r7nd7z20zqrgv6cm6co7812ctciwsn59seh6oqvzbwb24a9ttul9pbozm2i4xpedhx5650p5evyzujbkn5d1jbw8lj3uj6gr1qip:latest/val_confusion_matrix_table.table.json","path":"media/table/val_confusion_matrix_table_9_05852f77b40c9c608558.table.json","sha256":"05852f77b40c9c608558c15e91c6be927b96d8ab8ce9b0cc17886b3defda62ab","size":248,"_type":"table-file","nrows":4},"train_recall":0.9703703703703703}