{"train_recall":0.8425925925925926,"train_precision":0.9439834024896265,"fold":3,"train_accuracy":89.62962962962963,"_step":13,"_timestamp":1.7685626534695506e+09,"train_f1":0.8904109589041096,"val_f1":0.8256227758007118,"_wandb":{"runtime":72},"val_recall":0.8,"_runtime":72,"val_loss":4.889827013015747,"epoch":13,"val_precision":0.8529411764705882,"val_confusion_matrix_table":{"nrows":4,"artifact_path":"wandb-client-artifact://qiql860b4u74a653c561duivbpkd84zixo38nzejbewrbqu97hmg6b4mke4ia5wxrs1a4o54mmqa3p9n2h0l31jmgdrxr12ce36rwd2s599gjnjj3lt2dtiqiuccj0zz/val_confusion_matrix_table.table.json","log_mode":"IMMUTABLE","_latest_artifact_path":"wandb-client-artifact://zikkv55vq1yikmuztpd65qrb22a2hmrr69exn948bzdulut5avya0ys5w500n6x3m5bkd2x7rjx9jldezblpoogev4sxvmshx4uj63z1kmqlfd85enhibtx2jp12mawn:latest/val_confusion_matrix_table.table.json","ncols":3,"path":"media/table/val_confusion_matrix_table_3_ae37b37f8d5eb6327fb3.table.json","size":248,"_type":"table-file","sha256":"ae37b37f8d5eb6327fb3923c63aa0e9c72c97676e021966f8d4379894837b46a"},"train_loss":1.2197500931268388,"val_accuracy":81.85185185185185}