{"train_f1":0.9637209302325581,"_runtime":178,"val_confusion_matrix_table":{"ncols":3,"size":248,"path":"media/table/val_confusion_matrix_table_7_06a79cd31ef2d26bfe5b.table.json","_type":"table-file","_latest_artifact_path":"wandb-client-artifact://6r4p8uj9mpn3f6tlmse41qttzboonjv1bf0rfena20q989mkrxwar51ooemj2dq7djupmx8y3kn9qmxu2mlistpgukibg09b2tz0prr4i6mhw8a6tk5fmk3r78hakcm3:latest/val_confusion_matrix_table.table.json","sha256":"06a79cd31ef2d26bfe5b9c9a455ce50b70510f496c8a5ca5aa7879dd4557ad9a","log_mode":"IMMUTABLE","artifact_path":"wandb-client-artifact://io4wsqw06away2g7ekq1zdpby9w6o1xiy1lrh89qbdcl7lnj4jplrla3ti3e7yn58u22cgu9g9bpfjjm5h3n2fbtg2rc5ezuoxumv0tv59n8nul9oi6xjlofy61ic3dn/val_confusion_matrix_table.table.json","nrows":4},"_step":17,"train_precision":0.9682242990654205,"train_accuracy":96.38888888888889,"val_accuracy":88.88888888888889,"val_precision":0.8859060402684564,"_timestamp":1.7685597064480355e+09,"train_loss":0.11190175782592798,"epoch":17,"val_recall":0.9103448275862069,"fold":1,"_wandb":{"runtime":178},"val_loss":0.5170760184039616,"train_recall":0.9592592592592593,"val_f1":0.8979591836734694}