{"fold":3,"_timestamp":1.7685831134063718e+09,"val_accuracy":87.77777777777777,"train_f1":0.9608938547486033,"train_precision":0.9662921348314607,"val_loss":0.4799941765765349,"train_loss":0.11901934063908728,"train_accuracy":96.11111111111111,"val_recall":0.9448275862068966,"val_precision":0.845679012345679,"val_confusion_matrix_table":{"sha256":"79e29353b0c65cfe23887a6fe1dc92107e43a196536189d1599d59149b974fc6","path":"media/table/val_confusion_matrix_table_11_79e29353b0c65cfe2388.table.json","artifact_path":"wandb-client-artifact://37p7soc00v3jjmhuthnfdbpbrgk1k6t2vymu62529nb5fw2dtv12lnz0ebpyn0nzm7ft2mej3vdptkhhljiwk7zwojawpubkd1caoalhztyfcur5un3lql6znoilye8w/val_confusion_matrix_table.table.json","ncols":3,"log_mode":"IMMUTABLE","size":248,"_type":"table-file","nrows":4,"_latest_artifact_path":"wandb-client-artifact://7s6iedg5cbo7tginpui5m5kam0jnl1mviipzfh5zy0jeobnrsntg1d5ns9hba4jfgq9f0ikoz3z300ddb9nie1fow9k5rgbiyzubn7je4gbbmeza4knzsfg24384mf5b:latest/val_confusion_matrix_table.table.json"},"val_f1":0.8925081433224755,"_runtime":114,"epoch":21,"_step":21,"train_recall":0.9555555555555556,"_wandb":{"runtime":114}}