{"_runtime":13686,"_wandb":{"runtime":13686},"train_recall":0.837037037037037,"train_f1":0.8528301886792453,"_timestamp":1.7686789865836768e+09,"_step":99,"train_loss":0.4051362018693577,"val_recall":0.9103448275862069,"train_precision":0.8692307692307693,"val_precision":0.8461538461538461,"epoch":99,"val_confusion_matrix_table":{"_type":"table-file","_latest_artifact_path":"wandb-client-artifact://ls76ryhc1d5uwxgvkfuxdfk1iccpg1bh73i08bea9sy0d21he4e7ull77heeytl0emcyzu5erkalhfesr4wqyy2rycztmzi9dctea8iycqa5kdsc3u2iddai65gm7spd:latest/val_confusion_matrix_table.table.json","nrows":4,"size":248,"artifact_path":"wandb-client-artifact://bl16vcgqmxeffizyb2dpg8fl5qbpwq2ws5187dozabeqr4zfwirklb10sw1essm23gm2gh989lx8rgxvizjjwy56109w0jf7l0mctihp4dof5ikc8l9hijhqeygf9l90/val_confusion_matrix_table.table.json","path":"media/table/val_confusion_matrix_table_98_e232b426a52cbe868aaa.table.json","sha256":"e232b426a52cbe868aaa320c06367f13d33a49131047314359d337e3333bce4b","ncols":3,"log_mode":"IMMUTABLE"},"val_f1":0.8770764119601329,"fold":0,"val_loss":0.4389815926551819,"val_accuracy":86.29629629629629,"train_accuracy":85.55555555555556}