{"val_loss":0.5270521367589632,"val_f1":0.891156462585034,"train_recall":0.9407407407407408,"train_f1":0.955785512699906,"train_precision":0.97131931166348,"train_loss":0.1176609385081313,"val_recall":0.903448275862069,"_step":13,"val_accuracy":88.14814814814815,"epoch":13,"fold":0,"_timestamp":1.7683745315133767e+09,"train_accuracy":95.64814814814815,"val_precision":0.8791946308724832,"_wandb":{"runtime":100},"val_confusion_matrix_table":{"log_mode":"IMMUTABLE","_latest_artifact_path":"wandb-client-artifact://za6y3u4lo07tn9sfw15zfsg5h0yd8vlh5r4t9nmgf8seq7cinfmojhu47dbxdpg44duxfolk7rbmqjfdnawaqgs5nsq3hdtkvovj696i3ynennkdslfk388gok8j81t8:latest/val_confusion_matrix_table.table.json","sha256":"9670640a8e81a3a0ea4378cadaf40e65878de1ed0f83336fe9f817e467270298","path":"media/table/val_confusion_matrix_table_3_9670640a8e81a3a0ea43.table.json","_type":"table-file","nrows":4,"ncols":3,"artifact_path":"wandb-client-artifact://stioctx7nyj4om783saaajhm0mxry63qytq5ma8emodw5us8e8wkg0v1c61nugbctd7drq32krcicsin6m5jomvimbsm4jw2hjp8ve795niin26sf444w80t7j6ssee7/val_confusion_matrix_table.table.json","size":248},"_runtime":100}