{"val_f1":0.8807947019867549,"epoch":12,"val_recall":0.9172413793103448,"val_loss":0.769490584731102,"train_recall":0.9555555555555556,"val_accuracy":86.66666666666667,"train_loss":0.22381751882759007,"_runtime":113,"train_f1":0.9459211732355637,"_wandb":{"runtime":113},"train_precision":0.9364791288566243,"_step":12,"_timestamp":1.7661668483822138e+09,"fold":4,"val_confusion_matrix_table":{"ncols":3,"nrows":4,"_type":"table-file","_latest_artifact_path":"wandb-client-artifact://gd2d33okbjy9jho568bximaf2fqu8dlyu9jsnz3l3xojjv88ysenggsd0tmfejj7mehwabhft3ryc78737l3r0xd6mc9fsie2bbpqn9bfn1djsepo813taivct12q4m3:latest/val_confusion_matrix_table.table.json","path":"media/table/val_confusion_matrix_table_2_44bc44a9016796e75481.table.json","sha256":"44bc44a9016796e754813bfb1590c74a78326a51db5fcf6a1a6302c419e7b817","artifact_path":"wandb-client-artifact://ku8b0q88q0c4x6esmq4fbbxiyjc04yf8oyzv1ochdlul7pcnfdpm02z37fp8ymc482dfeeayk4c13mvbvkyt9r0obhgp5wwt6kv858tqytzuu0a6nwzy5p80ga14lijl/val_confusion_matrix_table.table.json","size":248,"log_mode":"IMMUTABLE"},"train_accuracy":94.53703703703704,"val_precision":0.8471337579617835}