{"train_recall":0.9648148148148148,"_timestamp":1.766168516814876e+09,"val_f1":0.9010238907849829,"val_confusion_matrix_table":{"path":"media/table/val_confusion_matrix_table_8_bbbd52cd0fbeb4f28fcf.table.json","sha256":"bbbd52cd0fbeb4f28fcf784225fbd417662950c49df1281c8a6c68aadb0f047c","size":248,"ncols":3,"log_mode":"IMMUTABLE","_latest_artifact_path":"wandb-client-artifact://ibbnjdhnua9ptjb0nwannx3vcsb13130tsbpyshg80fj2dq4js3fg0q7hvgiy1oxugo5xouoj209o16dniyaapkunidhq7iwyu99mezvg64pib0dppvurrkce014f8w7:latest/val_confusion_matrix_table.table.json","artifact_path":"wandb-client-artifact://uvpqt1wbt6pftmm8bwnv7k4quv7iauj9qjd34ueq38huwfmojxy9x0rw0ioxnyxdd3q41tumuhjswispge78w24slzxo0oonnh1viu9hu1ihagb24n2rva8yghar5fuv/val_confusion_matrix_table.table.json","nrows":4,"_type":"table-file"},"val_accuracy":89.25925925925925,"fold":3,"train_f1":0.9684014869888475,"train_loss":0.08418413031507622,"val_recall":0.9103448275862069,"_wandb":{"runtime":100},"_step":18,"epoch":18,"train_precision":0.9720149253731343,"train_accuracy":96.85185185185185,"_runtime":100,"val_loss":0.38484443227450055,"val_precision":0.8918918918918919}