{"_wandb":{"runtime":96},"train_loss":0.09127180481498892,"_timestamp":1.7678460434650364e+09,"val_f1":0.863013698630137,"val_confusion_matrix_table":{"artifact_path":"wandb-client-artifact://tn28jvc5nzvxaxt0xpvg9n5pnm8wm33gg9palcvffo3dx6bpnntn2rt0sduqe3nzgbzzivztkhynjql8czoe27g5hv9tz6olcmnclph9dkvj49x5l3esn3p8pho1sy6o/val_confusion_matrix_table.table.json","path":"media/table/val_confusion_matrix_table_10_bfa0e36576607eff51bf.table.json","ncols":3,"log_mode":"IMMUTABLE","_latest_artifact_path":"wandb-client-artifact://ijtz4g3s72oabyl6ua14z480ogfxazwkwcn05labfdvjxern0la5haf9geymxmoc1s8e35004ay48dnltikliaxueq53glh47p8lmcekxmr35oz5epvabqfrfg0qwfsx:latest/val_confusion_matrix_table.table.json","_type":"table-file","sha256":"bfa0e36576607eff51bf92e5da5c1d34165dca74755064080d52fd78f52eb1ba","nrows":4,"size":248},"train_accuracy":96.94444444444444,"val_accuracy":85.18518518518519,"fold":3,"train_recall":0.9648148148148148,"epoch":20,"train_f1":0.9693023255813954,"val_precision":0.8571428571428571,"val_recall":0.8689655172413793,"train_precision":0.9738317757009346,"_runtime":96,"_step":20,"val_loss":0.5059666633605957}