{"_step":45,"val_f1":0.8532423208191127,"train_f1":0.9578256794751641,"fold":4,"train_accuracy":95.83333333333333,"_timestamp":1.768565501656804e+09,"_runtime":310,"train_recall":0.9462962962962963,"val_loss":0.39778586477041245,"val_accuracy":84.07407407407408,"val_confusion_matrix_table":{"size":248,"nrows":4,"_latest_artifact_path":"wandb-client-artifact://pp40ibkiu679fspc9ur3c9100vvn85vdxhrmwbkitndut3p4r5foxbuos6tikbh59ams1nxfg4np1c119rwrp8zdpqtiifp0p3dcyc7spz48prps59ehrv2hnx1q5esw:latest/val_confusion_matrix_table.table.json","ncols":3,"log_mode":"IMMUTABLE","_type":"table-file","sha256":"f0df0e2577d48dd6505bbeddf6372855f21ff2317b872898944a65b280713df5","artifact_path":"wandb-client-artifact://u7h7p18m5051qu64uz3dv00zk7zwo0eloixjztgsb0e6kgvzt9t2mhnvh9w7xegifesip94nqza0y1i5n6s49rflo4o2ei09m61911gjnfde9ws6cnyvs1bnfp4avq4i/val_confusion_matrix_table.table.json","path":"media/table/val_confusion_matrix_table_35_f0df0e2577d48dd6505b.table.json"},"_wandb":{"runtime":310},"train_loss":0.13611990077929062,"train_precision":0.969639468690702,"val_precision":0.8445945945945946,"val_recall":0.8620689655172413,"epoch":45}