{"_step":13,"val_loss":0.4715445712208748,"val_accuracy":87.77777777777777,"train_loss":0.08391667386008934,"epoch":13,"val_precision":0.9,"_wandb":{"runtime":101},"val_confusion_matrix_table":{"nrows":4,"_type":"table-file","ncols":3,"size":248,"sha256":"6cc2cfd7bfdb26862863f46efc3f786f4fb5116cdebb6ad8aea1cc8c41793a9c","artifact_path":"wandb-client-artifact://gvaml9zc6bekh3gmllkocazlo8zvead79oohmkxegx1txb8iv5n9soy65wkal24wa6xfuyq3z9vsd2vfiaj1t6pkweqq71v0y707mmq8m11xexz3e131iomy7gouyp1n/val_confusion_matrix_table.table.json","_latest_artifact_path":"wandb-client-artifact://ob0akxupsk8pk1cz5sathd578bwppxhimgy5zm8ka65hliz9brjgjgl5qztqxj694xcco0a4ei8p2oie517rh04szww3ccxk8cxvu5207gk091ensr2o77d88iz0k4bh:latest/val_confusion_matrix_table.table.json","log_mode":"IMMUTABLE","path":"media/table/val_confusion_matrix_table_3_6cc2cfd7bfdb26862863.table.json"},"val_f1":0.8842105263157894,"train_accuracy":96.57407407407408,"train_precision":0.9648798521256932,"_runtime":101,"fold":0,"val_recall":0.8689655172413793,"train_f1":0.96577243293247,"_timestamp":1.7683901345207555e+09,"train_recall":0.9666666666666667}