{"train_recall":0.9537037037037037,"val_recall":0.8896551724137931,"train_loss":0.14065024747767232,"train_f1":0.9528214616096207,"_step":14,"epoch":14,"_timestamp":1.7685882452134671e+09,"val_accuracy":85.18518518518519,"val_f1":0.8657718120805369,"val_loss":0.5294204701979955,"train_precision":0.9519408502772643,"fold":0,"val_confusion_matrix_table":{"artifact_path":"wandb-client-artifact://x9f88rya0teomk3jhzqkqs53exybry9c97trmyb7ep4zniioidh6ghjy8pjj2kyblu89yv6bvjyrii2ujnyf204t766h0sqc9s0k84d193udu8whsvr0oi8vwuhd7ppk/val_confusion_matrix_table.table.json","size":248,"sha256":"768b7910346fa857c3072408af29466b1f6dfd63bdb0475c5b107a564b2699fc","log_mode":"IMMUTABLE","_type":"table-file","_latest_artifact_path":"wandb-client-artifact://eix83jvoge7gadowawbcdwpkdmgdhc3zqqfcu1x9urtqlwz7hwmnovksgxv5c5wufupx6gn4i66yzcbsmbcvgnqba3oku9lwkkog9c27rp3a8z1fcieg6utvcvumnc1c:latest/val_confusion_matrix_table.table.json","ncols":3,"nrows":4,"path":"media/table/val_confusion_matrix_table_4_768b7910346fa857c307.table.json"},"train_accuracy":95.27777777777777,"val_precision":0.8431372549019608,"_wandb":{"runtime":89},"_runtime":89}