{"val_precision":0.8907563025210085,"train_recall":0.7666666666666667,"train_precision":0.7781954887218046,"val_recall":0.7310344827586207,"epoch":4,"_step":4,"_wandb":{"runtime":175},"val_f1":0.803030303030303,"val_loss":0.4610525170962016,"_runtime":175,"fold":1,"train_f1":0.7723880597014925,"_timestamp":1.7661672041366165e+09,"val_confusion_matrix_table":{"sha256":"196095f8f87898e9437b20813e67fc46a0e4e89ad0523c7d6d2a5883af1797f3","nrows":4,"artifact_path":"wandb-client-artifact://m18smhhcojo4uyd21jcpegp3sp1v2lszdamfm1pk1pxq5e8asisuctb427g9z6z7vhc2pvy8r102gmvqa4jkr07xj9w0yts12kyx3m0nenvzbtybwm4l3js4lctu59jj/val_confusion_matrix_table.table.json","ncols":3,"log_mode":"IMMUTABLE","path":"media/table/val_confusion_matrix_table_4_196095f8f87898e9437b.table.json","size":248,"_type":"table-file","_latest_artifact_path":"wandb-client-artifact://8nspv6msden9rftpqozvqq3zmesius7l6l59bvggzlbf6spb9uu1r3r3mejqp3g3cppoiponbhbmi3c5s43mdj17cg3jj2szjs0ejuwg8361of0upxo0wozx3p1e1m3q:latest/val_confusion_matrix_table.table.json"},"train_loss":0.4942565208131617,"val_accuracy":80.74074074074075,"train_accuracy":77.4074074074074}