{"val_confusion_matrix_table":{"_type":"table-file","path":"media/table/val_confusion_matrix_table_50_bc8dbbff4ce14fa93c66.table.json","nrows":4,"log_mode":"IMMUTABLE","_latest_artifact_path":"wandb-client-artifact://qifbsl52qeo5pnkw5j3l4heglf7uzghvc7pkcz8h1ol0633qtmplwtn9rrfjn9537ilnjhoea41uui3vjzk86mz5cybc5iuiuptakboto7f46z9vwywa4igczodhyuhs:latest/val_confusion_matrix_table.table.json","size":248,"sha256":"bc8dbbff4ce14fa93c669d106d48ee1df0a7e036d5f98fdd31c442c3ed715506","artifact_path":"wandb-client-artifact://28njixsce8s7hybzohbscl0hhccmrzpqreotc10zobytxwgzyfmgu9f4oo11sf00g1jum2pnxt4tcasie38uu5y8ybpp64mqwdxudvmmqd4zisg1ktqud0drh262r5jj/val_confusion_matrix_table.table.json","ncols":3},"train_f1":0.9591836734693877,"train_accuracy":95.92592592592592,"_timestamp":1.7685641398347318e+09,"train_loss":0.12056138383393938,"_step":60,"val_accuracy":88.14814814814815,"_wandb":{"runtime":367},"val_loss":0.3011595333615939,"val_precision":0.8791946308724832,"train_precision":0.9609665427509294,"fold":0,"val_f1":0.891156462585034,"_runtime":367,"train_recall":0.9574074074074074,"epoch":60,"val_recall":0.903448275862069}