{"val_confusion_matrix_table":{"_type":"table-file","_latest_artifact_path":"wandb-client-artifact://ybjmhk0mvuut953t00nmvj1cexq6bbu12psx94jjumq909fv3gtuqh8f81fnf4thtjpsfyvbltn3h6otqqi42hi9d9bdm4ylbq5w0gat40i8tuxifkake2u6ythq2vul:latest/val_confusion_matrix_table.table.json","ncols":3,"size":248,"artifact_path":"wandb-client-artifact://v92eajhafjg4zd98pqmc0f59ajawpvl37pd8bn1dq2furdp3zr7modm70qiehtjh1n0qmuq703mlkoxua3uzrc9ngqi7p8ig4c7cq8dk96s5wtqdfiym0ce80bnh2mz9/val_confusion_matrix_table.table.json","path":"media/table/val_confusion_matrix_table_7_5a12b2e83012622564bf.table.json","sha256":"5a12b2e83012622564bf6e7cd459f9febd9844a678d2dc177f4ae028b31be2c8","log_mode":"IMMUTABLE","nrows":4},"val_f1":0.8926174496644296,"val_precision":0.869281045751634,"train_f1":0.9602220166512488,"train_loss":0.126495468176224,"val_accuracy":88.14814814814815,"_timestamp":1.7685870260364323e+09,"val_recall":0.9172413793103448,"train_accuracy":96.01851851851852,"_runtime":122,"val_loss":0.4214395408829053,"fold":3,"_step":17,"_wandb":{"runtime":122},"train_recall":0.9611111111111111,"epoch":17,"train_precision":0.9593345656192237}