{"val_f1":0.8802816901408451,"_timestamp":1.7685610696101854e+09,"val_recall":0.8620689655172413,"val_confusion_matrix_table":{"nrows":4,"sha256":"84e27d03a8ddc0e74819f21e2f566bf25858b282c24ca7f8df9595fe52e0812d","path":"media/table/val_confusion_matrix_table_12_84e27d03a8ddc0e74819.table.json","log_mode":"IMMUTABLE","size":248,"artifact_path":"wandb-client-artifact://t4163bd60hwk8fkidglcwexbe3o28dv64yizuuol1bek3yu0yrkthxc70m799v3z4jmp2dx6vkbsvfss8pza4wyupli4x3zdikudq9tx925pjh2zoao7czm4pdju9yk2/val_confusion_matrix_table.table.json","_latest_artifact_path":"wandb-client-artifact://oh8ronv31f9dsho5jq1g5n17uy65jrp1j4hgc2kycvnyipmp1dypsdmypaiym120co49joxeeo4x3ygl2idp71u2jypksop4f8gy7lyvkfg7if00jeflr95i0skq8htv:latest/val_confusion_matrix_table.table.json","ncols":3,"_type":"table-file"},"val_loss":0.5126899083455404,"_wandb":{"runtime":130},"train_recall":0.9592592592592593,"train_loss":0.09963671016422185,"train_precision":0.9646182495344506,"val_accuracy":87.4074074074074,"train_f1":0.9619312906220984,"epoch":22,"val_precision":0.8992805755395683,"_step":22,"_runtime":130,"train_accuracy":96.20370370370371,"fold":4}