{"epoch":20,"val_confusion_matrix_table":{"_latest_artifact_path":"wandb-client-artifact://sayea6ehe6uj229hahp45zsjy6l9q0kujjqpfkpi1whauc4lbmpe15kintzpxd5o357aun0r2ivrfo9qixganvd8nq4dvayanl0tp44rm6vs9c44cbdqfack4p7tthba:latest/val_confusion_matrix_table.table.json","size":248,"log_mode":"IMMUTABLE","nrows":4,"_type":"table-file","artifact_path":"wandb-client-artifact://g4a9j9jwp77zoexil5ycn40pvvfb39m3ykz8yfphx7z0s53h73tdtzdvq95zs6rjpzqbwh09p41u7xn7xu6d04g62bkr4ttu6i0di6luwc74e6obu4y6uk26to6f3c3s/val_confusion_matrix_table.table.json","ncols":3,"path":"media/table/val_confusion_matrix_table_10_448747792094b2d5b362.table.json","sha256":"448747792094b2d5b362003e4343b0762746e2da8da074ce1d2ea01569f59b9c"},"train_f1":0.9655172413793104,"fold":3,"train_loss":0.08751238069751045,"val_precision":0.8636363636363636,"train_recall":0.9592592592592593,"_timestamp":1.7673735772448664e+09,"train_precision":0.9718574108818011,"val_loss":0.45274558663368225,"_wandb":{"runtime":100},"train_accuracy":96.57407407407408,"val_recall":0.9172413793103448,"_runtime":100,"val_f1":0.8896321070234113,"_step":20,"val_accuracy":87.77777777777777}