{"val_accuracy":87.77777777777777,"train_f1":0.9655813953488372,"val_f1":0.8938906752411575,"train_loss":0.1006185117770325,"train_recall":0.9611111111111111,"_timestamp":1.767845865906201e+09,"fold":1,"val_loss":0.4138440936803818,"val_recall":0.9586206896551724,"_wandb":{"runtime":86},"val_precision":0.8373493975903614,"train_accuracy":96.57407407407408,"val_confusion_matrix_table":{"sha256":"448747792094b2d5b362003e4343b0762746e2da8da074ce1d2ea01569f59b9c","_latest_artifact_path":"wandb-client-artifact://tzokx0amtdmpg427t09hlbn5vo9r6hc58u0a0b0d1bedt2v6s6h3i7vr2ubip728osb2aaghtqsqv240ao28e7rhdyhbw9t5ooyp9u5x3vlalhppfnvgvw43oppojyxa:latest/val_confusion_matrix_table.table.json","path":"media/table/val_confusion_matrix_table_6_448747792094b2d5b362.table.json","_type":"table-file","ncols":3,"log_mode":"IMMUTABLE","artifact_path":"wandb-client-artifact://r4pskok9eccchhstkgl564tcmse1wmets45ocwwhcxk6mg77vgvvqa6qabwvedfibwsh77krk69kj4i3pkblweseb7nmnhzckws6kjdsbj5de547yg6ji5spg8e6jdip/val_confusion_matrix_table.table.json","size":248,"nrows":4},"_runtime":86,"epoch":16,"_step":16,"train_precision":0.9700934579439252}