{"train_loss":0.15322902459989896,"train_precision":0.9660377358490566,"train_f1":0.9570093457943926,"train_recall":0.9481481481481482,"val_accuracy":88.14814814814815,"val_confusion_matrix_table":{"_latest_artifact_path":"wandb-client-artifact://sszzo13sd075mm2giwq26c2y8y9xr39s0je383fxtbdaa1jdbu2fklsn2bfir5iqkwk883al7drrvfx3ocihrvhzzep5vssie2pm1deadg2864yn0nmif43wpzud72p4:latest/val_confusion_matrix_table.table.json","sha256":"cb7f3195879c65b2465d184ce2d462abeaf771367243b273d1e50827919cdb3d","size":248,"_type":"table-file","log_mode":"IMMUTABLE","path":"media/table/val_confusion_matrix_table_8_cb7f3195879c65b2465d.table.json","nrows":4,"ncols":3,"artifact_path":"wandb-client-artifact://07r78lez1eopzrwpppanvuhj1cc6353xxz4le6dalvb65s4zoihcoo5tpj6avyuuyj43bacpla2rku4txyndbw7ez23g47w4cw35v103545yeyhfuybke2sv0fe5soap/val_confusion_matrix_table.table.json"},"val_loss":0.4004257420698802,"_wandb":{"runtime":105},"epoch":18,"_runtime":105,"_timestamp":1.768374837659946e+09,"val_recall":0.9310344827586207,"train_accuracy":95.74074074074075,"val_f1":0.8940397350993378,"_step":18,"val_precision":0.8598726114649682,"fold":3}