{"fold":3,"val_confusion_matrix_table":{"nrows":4,"_latest_artifact_path":"wandb-client-artifact://isjd21dxtp7z9uun3m0tjsy9jbos5yptbq301krt8wayuo4dcbq0y6j17kdanzvk6oec0quq4qcieurvy26mwa7sgf96s8xbqv7dz4lhqgyrz6hy3fj1mvu5mgovhjah:latest/val_confusion_matrix_table.table.json","sha256":"05852f77b40c9c608558c15e91c6be927b96d8ab8ce9b0cc17886b3defda62ab","_type":"table-file","artifact_path":"wandb-client-artifact://t1xjc5nd3y09jw57lqprea4uk2rofw3x4v1giyj7zd8qes616ycnsfnryoo94k0vfpe8mv5u85t69j1zm37ady7svpx2btw6kp4qv4o7w5euz9bhdzxs1vjcus5mogfu/val_confusion_matrix_table.table.json","path":"media/table/val_confusion_matrix_table_8_05852f77b40c9c608558.table.json","log_mode":"IMMUTABLE","size":248,"ncols":3},"_step":18,"val_loss":0.4408041387796402,"train_f1":0.9674418604651163,"train_accuracy":96.75925925925925,"val_f1":0.8761904761904762,"train_recall":0.9629629629629629,"val_precision":0.8117647058823529,"train_loss":0.09365898006680337,"_runtime":103,"val_accuracy":85.55555555555556,"_wandb":{"runtime":103},"_timestamp":1.767366686848889e+09,"epoch":18,"val_recall":0.9517241379310345,"train_precision":0.9719626168224299}