{"val_precision":0.8506493506493507,"_timestamp":1.7661686183720336e+09,"train_f1":0.9701492537313433,"_runtime":97,"train_recall":0.9629629629629629,"val_confusion_matrix_table":{"_latest_artifact_path":"wandb-client-artifact://574ni79yyfh82pbntdob2j1cs6z4a9st43e9i78srni0qqmxistpveh9by5n2o9n7z6meaog6cg2yyte2k4zyodukdg1mjxyl28iv2ztggebke18u1g7wpgul64km86g:latest/val_confusion_matrix_table.table.json","artifact_path":"wandb-client-artifact://ey5tk6ejew8fizl3yk2zv4bo3nx2ogk9dw9q7xb90204nvlanx4vypxw3rnljtrsf1t1q3b8kxve62el3m75hc7lfm1tmfqzhkmxo7x62g1zomnvl84p3sdjdy45blfd/val_confusion_matrix_table.table.json","log_mode":"IMMUTABLE","nrows":4,"path":"media/table/val_confusion_matrix_table_6_083ee02eb752f0a93676.table.json","ncols":3,"size":248,"_type":"table-file","sha256":"083ee02eb752f0a936763dca7c1ade9b08379afd7115810fc2be47e4c0c7be96"},"val_accuracy":86.29629629629629,"train_loss":0.09359597065486014,"fold":4,"epoch":16,"train_accuracy":97.03703703703704,"_wandb":{"runtime":97},"val_loss":0.5398937463760376,"val_recall":0.903448275862069,"val_f1":0.8762541806020067,"train_precision":0.9774436090225563,"_step":16}