{"fold":3,"_wandb":{"runtime":119},"val_precision":0.8823529411764706,"val_accuracy":89.62962962962963,"_step":17,"val_loss":0.3511396050453186,"train_loss":0.13311121985316277,"_timestamp":1.766164350692538e+09,"val_recall":0.9310344827586207,"train_accuracy":96.38888888888889,"train_precision":0.9682242990654205,"train_f1":0.9637209302325581,"val_f1":0.9060402684563759,"val_confusion_matrix_table":{"size":248,"artifact_path":"wandb-client-artifact://v9w1qu2rtrwca8q20wr8cfwz5lqu14tn6jktdeo844s7un0494whf3reqsnner7ise7m4a7v0f51dhnfmw9knfdo80j28g9t28u96yr7w60igob75vbwl08ai5q5n0vm/val_confusion_matrix_table.table.json","path":"media/table/val_confusion_matrix_table_7_5a12b2e83012622564bf.table.json","log_mode":"IMMUTABLE","_latest_artifact_path":"wandb-client-artifact://8jhnd0enfxk0ivu5i2q2uebkzwzl73acv6oupt5if3av5eb685ks6y6rabyhkofk41hwffloxqe0civlzei28lm1igiy39upxlct7l1k7fvfpgxu9zhz4qn0za9h8p1q:latest/val_confusion_matrix_table.table.json","ncols":3,"nrows":4,"_type":"table-file","sha256":"5a12b2e83012622564bf6e7cd459f9febd9844a678d2dc177f4ae028b31be2c8"},"_runtime":119,"epoch":17,"train_recall":0.9592592592592593}