{"train_f1":0.971322849213691,"epoch":25,"val_f1":0.89419795221843,"val_confusion_matrix_table":{"nrows":4,"log_mode":"IMMUTABLE","artifact_path":"wandb-client-artifact://hyr1vmj4twvw6hkpaliuffjgic5x70x461vwf2l0i54zscb6tf4f7pe83zl1m7zavc5jnf2wgrnlscas955pj2ojmd1kcdow9ssvxot1kgkw654pjog9pxf54xgaqq9b/val_confusion_matrix_table.table.json","_type":"table-file","sha256":"351b596eb7b111dbb8bce4596ca2eb31e75f91e4ead605fa2cc4a52300dcb5d0","path":"media/table/val_confusion_matrix_table_15_351b596eb7b111dbb8bc.table.json","ncols":3,"size":248,"_latest_artifact_path":"wandb-client-artifact://dqjx3qmnpq7jvpkbn6oy5nagksmh0egbo0jw2jng6zzid4dnagugrmskzp78odrm2iv024zq6qgejlxx4i8sk4781bxfv6btdmzao8hdl99kkg8yyrkhcr7p46yrfzrx:latest/val_confusion_matrix_table.table.json"},"val_recall":0.903448275862069,"_timestamp":1.767373473410913e+09,"train_recall":0.9722222222222222,"val_loss":0.3340639571348826,"val_accuracy":88.51851851851852,"val_precision":0.8851351351351351,"_wandb":{"runtime":126},"train_loss":0.07896581596948883,"_runtime":126,"fold":3,"train_accuracy":97.12962962962963,"train_precision":0.9704251386321626,"_step":25}