{"fold":2,"_timestamp":1.7683836592184541e+09,"_runtime":359,"train_accuracy":94.44444444444444,"val_loss":1.8371445381393035,"epoch":13,"train_loss":0.4449303275482221,"train_recall":0.9425925925925925,"val_precision":0.8888888888888888,"val_confusion_matrix_table":{"_latest_artifact_path":"wandb-client-artifact://bf3ukt00gmfodqn8uh9vg6mghcj5ztpx3rr2kvwtnk2xib98cxupn7qzj4mbyocgty59qfqshlwghtzomlvbmb4ycgrftndru4xg1ew0octc1e0a13ga1971znvnmrmt:latest/val_confusion_matrix_table.table.json","nrows":4,"artifact_path":"wandb-client-artifact://ho2dgvuv9ubza8aaxkatvv9m2gfygibd60sv6j3cqgu12sgogjmhfhyxbvoioo3nnkj3wtbnvqc0yzujbnuy25tnkoxx9a5ybk4myxuyr7py5ubsvpb1ljgt9rcki7ym/val_confusion_matrix_table.table.json","log_mode":"IMMUTABLE","path":"media/table/val_confusion_matrix_table_3_13f501c187ac8c79bfd8.table.json","sha256":"13f501c187ac8c79bfd8b93544fda79c102551c73e3aa821c83b66f042b81ff5","ncols":3,"_type":"table-file","size":248},"val_recall":0.8827586206896552,"train_precision":0.9460966542750929,"train_f1":0.9443413729128015,"_wandb":{"runtime":359},"val_accuracy":87.77777777777777,"val_f1":0.8858131487889274,"_step":13}