{"val_f1":0.8701298701298701,"train_loss":0.09191572056575255,"train_precision":0.9716446124763705,"epoch":18,"train_accuracy":96.20370370370371,"val_confusion_matrix_table":{"_latest_artifact_path":"wandb-client-artifact://zaq6p5p2qjn853ygs9ecaookc8x7tdqtzi045t02ims676p6iqr4ndg577fdytfllcyh8mxj4trzp6c49q1j83dkrb9cinoz9d01lf51xv7o5bbpcuj550ol8pm5qruj:latest/val_confusion_matrix_table.table.json","nrows":4,"artifact_path":"wandb-client-artifact://au2s3wdxthzt2nw60pz30ib5eqeojxvqbvnc2osudmf4n539pj2qmvgzfphy5n3nwdhb0gq9p9nbzvsu1p12wftvgfbzpwb7jk1wvbkqmpx2dtbjyly4794ch4zoaf0n/val_confusion_matrix_table.table.json","ncols":3,"_type":"table-file","sha256":"2413cbf8dfb25937ba8c5d38564dce41ddb2053aca3f222ab8121b7968f15981","log_mode":"IMMUTABLE","path":"media/table/val_confusion_matrix_table_8_2413cbf8dfb25937ba8c.table.json","size":248},"_step":18,"val_accuracy":85.18518518518519,"train_recall":0.9518518518518518,"_runtime":129,"val_recall":0.9241379310344827,"val_precision":0.8220858895705522,"train_f1":0.961646398503274,"_wandb":{"runtime":129},"val_loss":0.542710488041242,"_timestamp":1.7685605081564822e+09,"fold":0}