{"_step":14,"train_recall":0.9333333333333333,"train_f1":0.9447047797563262,"fold":3,"val_recall":0.9448275862068966,"val_confusion_matrix_table":{"ncols":3,"path":"media/table/val_confusion_matrix_table_4_fd1fca81066940792bb7.table.json","nrows":4,"artifact_path":"wandb-client-artifact://lvgbq89nqw3hehlbqu0lz3824u6swc9dygsk3fugc78gzkdn7deuzpxrguypveadcb20xuzfhec2rzf1zu5mnxq0j55v47tvn51kk6qvy5k5g8omx9lhto3bfd61vkyp/val_confusion_matrix_table.table.json","size":248,"log_mode":"IMMUTABLE","_type":"table-file","_latest_artifact_path":"wandb-client-artifact://yv00ytq57f436ptjp995hhsb43b6wytihjfks47szu24wz7x211kcrdjd3a1nr7wo6igba5zxx8zz5rmyf2q15i29627o4udx1qiir2aqunuu1toae9j36bq61vjwp0c:latest/val_confusion_matrix_table.table.json","sha256":"fd1fca81066940792bb74af7d0589f5363515335676f13b9931043754f440aab"},"val_loss":0.3681770861148834,"_runtime":85,"val_accuracy":89.25925925925925,"train_loss":0.1415390305390412,"_timestamp":1.7684647072803113e+09,"val_f1":0.9042904290429042,"val_precision":0.8670886075949367,"epoch":14,"train_precision":0.9563567362428842,"train_accuracy":94.53703703703704,"_wandb":{"runtime":85}}