{"train_f1":0.9796293501968478,"val_loss":0.6302974099914233,"val_precision":0.8578492342210516,"val_recall":0.8555555555555555,"learning_rate":0.005,"_step":24,"_runtime":62.5266146,"_wandb":{"runtime":62},"val_accuracy":85.55555555555556,"_timestamp":1.7645041427847846e+09,"val_f1":0.8557520408054216,"train_precision":0.9796559482001755,"train_loss":0.07237419771792536,"train_accuracy":97.96296296296296,"train_recall":0.9796296296296296}