{"train_f1":0.9602220166512488,"val_recall":0.896551724137931,"train_accuracy":96.01851851851852,"val_precision":0.8904109589041096,"train_recall":0.9611111111111111,"train_precision":0.9593345656192237,"train_loss":0.10798430341211232,"_step":20,"fold":3,"_timestamp":1.7685609326851084e+09,"val_loss":0.3910025755564372,"epoch":20,"_runtime":123,"val_f1":0.8934707903780069,"val_accuracy":88.51851851851852,"_wandb":{"runtime":123},"val_confusion_matrix_table":{"size":248,"path":"media/table/val_confusion_matrix_table_10_2bb5156831f8178024c7.table.json","log_mode":"IMMUTABLE","_latest_artifact_path":"wandb-client-artifact://650scvi9tn82b4mebb9zdbxpzlaeqir2s2avgcpyyce7v1ps2arr5fykotiitrhub029661qsx9byqygj2i2kl77gunte9pmv48samgigyw45y7m32xk5g5zu0qhvtwa:latest/val_confusion_matrix_table.table.json","ncols":3,"nrows":4,"artifact_path":"wandb-client-artifact://6oins22e877jxgkheobna274s3jo2147ccqebwrsiwll8giav8m7llh832vfamwvy8xwolhdpdsro75ea3ukicfywf4t0wbq82l7b5dtndebc5s5e2z76ftrw16f26st/val_confusion_matrix_table.table.json","sha256":"2bb5156831f8178024c73595f6d261a9a101e7c26faeda9e4142b1b63fc73e16","_type":"table-file"}}