{"val_f1":0.8648648648648649,"train_precision":0.9737335834896811,"train_loss":0.09982329166748306,"train_recall":0.9611111111111111,"_step":18,"val_accuracy":85.18518518518519,"val_loss":0.5185563523661006,"_timestamp":1.768558400691665e+09,"train_f1":0.967381174277726,"val_precision":0.847682119205298,"_runtime":123,"fold":0,"epoch":18,"_wandb":{"runtime":123},"val_recall":0.8827586206896552,"val_confusion_matrix_table":{"_latest_artifact_path":"wandb-client-artifact://cqz9psvlz6vura0endro3o0idnue3jv8x7b5f7vc9yq5t04ewtrsoje1kshh697r6ub03d4ab2pqn68drg64eio0h7k3kwdq9m7nbtn8aagxialfnmfqjf2szi9k829t:latest/val_confusion_matrix_table.table.json","size":248,"log_mode":"IMMUTABLE","ncols":3,"artifact_path":"wandb-client-artifact://ger0jnw74e0fzc6orm459ck7i8lqwzapamrxyeagmjvkh3otxia223tbjqjhjh1cxbl9avioprqwofx10eavl2mdsk6iwmwgil4mnn19dvf8rvaes034j8fs4hszi887/val_confusion_matrix_table.table.json","_type":"table-file","nrows":4,"path":"media/table/val_confusion_matrix_table_8_f14d0abe5441538924fc.table.json","sha256":"f14d0abe5441538924fc6c5b4bb305db6efa7ee43dbd43e4fc0971e1b85c7346"},"train_accuracy":96.75925925925925}