{"val_loss":1.1078418393929799,"train_accuracy":95.18518518518519,"_timestamp":1.7660574965840952e+09,"train_precision":0.9518700523697025,"train_loss":0.1418180081316016,"val_f1":0.6447566605077171,"_step":13,"train_f1":0.9518478870833944,"val_recall":0.6444444444444445,"epoch":11,"train_recall":0.9518518518518518,"_wandb":{"runtime":47},"val_accuracy":64.44444444444444,"fold":0,"val_precision":0.6496050726629649,"_runtime":47,"val_confusion_matrix_table":{"size":247,"ncols":3,"nrows":4,"_latest_artifact_path":"wandb-client-artifact://iy3jxhobf80ptcairkbfuj49b96roy3pxgnktb8py8mxphqy0ejcpsb8zc6d7uytapu8sduiaevzjdcwdfrbp1meandumkxlg2l2pbhzwzjsjxe1n1aafgqsy66nw60d:latest/val_confusion_matrix_table.table.json","sha256":"1243bb05159d62f2f76f4b7c7d4bf3d5aa8d2731ba681e8d2bb9606dd546f505","log_mode":"IMMUTABLE","path":"media/table/val_confusion_matrix_table_3_1243bb05159d62f2f76f.table.json","_type":"table-file","artifact_path":"wandb-client-artifact://8xl1aanf24kxsg2jb08dmxteaghxitxda4batpwq43ofumhkr7e40hizdmziutvolf38t8bkm12di8pb7kjip2bkzaz28y5k6e6wdejltia890dx7jdfihse26c710tl/val_confusion_matrix_table.table.json"}}