{"_step":17,"val_precision":0.8589743589743589,"val_f1":0.8903654485049833,"_wandb":{"runtime":88},"_timestamp":1.7673740077493575e+09,"fold":3,"val_confusion_matrix_table":{"artifact_path":"wandb-client-artifact://cw8boecglt8yyca9msbdjyhpt0dvv2fh1en4h8vp1n08rx4gcjmipw58ns6gw0t4g3ymj6k9vgrcsmalqd9u8xvdi7okekayquj2hft8tb1fhnuexal0qki77ll7ptps/val_confusion_matrix_table.table.json","nrows":4,"_latest_artifact_path":"wandb-client-artifact://89fn63ynhl5zka5eivqzszcfzvzvnezzldnyvl7am1rp6hgc9iqn1ylcoj1eok7h9q9hijxghepgxqj1ydvn20uul3hekkq1vaox1budyggmq1qz57fnqmlztx1p6ynu:latest/val_confusion_matrix_table.table.json","_type":"table-file","ncols":3,"sha256":"5c471b5266e1bd512b9736cb930f0cb64edb9cfc1a6c4448591ac77458d9c272","path":"media/table/val_confusion_matrix_table_7_5c471b5266e1bd512b97.table.json","log_mode":"IMMUTABLE","size":248},"val_accuracy":87.77777777777777,"train_recall":0.9574074074074074,"val_recall":0.9241379310344827,"train_f1":0.9663551401869159,"train_precision":0.9754716981132076,"train_loss":0.0942538698965853,"train_accuracy":96.66666666666667,"epoch":17,"_runtime":88,"val_loss":0.43181411921977997}