{"_runtime":138,"train_loss":0.11927226676859638,"_step":15,"val_loss":0.4995020578304927,"_timestamp":1.7685674363742936e+09,"train_recall":0.9555555555555556,"val_recall":0.9172413793103448,"_wandb":{"runtime":138},"val_accuracy":88.51851851851852,"train_precision":0.9662921348314607,"val_precision":0.875,"fold":0,"val_confusion_matrix_table":{"size":248,"nrows":4,"path":"media/table/val_confusion_matrix_table_5_d000f77f350f2f0a066f.table.json","ncols":3,"artifact_path":"wandb-client-artifact://pxycdnkp7uxkkzgeobls4jc1ucsa06cpb6oy3duu3xt9wmwd8aqr9hju70nd9souqohnl5yiiqb4400jplsryjsefzfqpkunol622e005n1rwv1tyuyuwjk1k856fgr8/val_confusion_matrix_table.table.json","sha256":"d000f77f350f2f0a066f44cf76e22750d6d415d25d2b223474d0301357eff988","_latest_artifact_path":"wandb-client-artifact://f7a7xnz4ucon13r5vinb2ahzuadtxw41pak5z3tu193ovr9yavvgrmiz3jnn2m99ybz5gygsnzkt3v4yzsc1h5uxuju6enyyx2y22dcffjvggwnoxyutvo6y7kl6sp1n:latest/val_confusion_matrix_table.table.json","_type":"table-file","log_mode":"IMMUTABLE"},"train_f1":0.9608938547486033,"val_f1":0.8956228956228957,"epoch":15,"train_accuracy":96.11111111111111}