{"val_precision":0.885965856448505,"fold":3,"epoch":18,"_step":37,"_runtime":158,"val_recall":0.8814814814814815,"train_recall":0.9629629629629629,"_wandb":{"runtime":158},"_timestamp":1.765960541785812e+09,"train_precision":0.9632743545043994,"val_confusion_matrix_table":{"size":247,"nrows":4,"log_mode":"IMMUTABLE","path":"media/table/val_confusion_matrix_table_37_a488e0be51d57e509855.table.json","_latest_artifact_path":"wandb-client-artifact://tovujr8izh1gk1ykoozldvj5hs2r716jkw48hr07qezqtnrwg80kmbuzyggqk0ku0orek12kqk9pduv9rub98bx8zidte25nrkz7ur7s0thydh9mgve3u3owi35fq6o3:latest/val_confusion_matrix_table.table.json","artifact_path":"wandb-client-artifact://thu9ii4hfgud94dumof3l7fn51b2jmv62dwi1rc42wgva03irqewxqrshz3i8z0z90n35ab29bmumc20squx71tqf94i72ya4mxwh01hpqz321k90bcf2mtl58yb4k8z/val_confusion_matrix_table.table.json","_type":"table-file","ncols":3,"sha256":"a488e0be51d57e509855483ebc5b2d89f8fb06622c8dff8e505fae6ffe0b8f9c"},"train_loss":0.0980775539170612,"train_accuracy":96.29629629629629,"val_loss":0.40238039443890256,"val_accuracy":88.14814814814815,"train_f1":0.9629567382722064,"val_f1":0.8805280896784164}