{"train_precision":0.9648403204565408,"_timestamp":1.765901100192753e+09,"val_precision":0.8912938641815256,"val_recall":0.8888888888888888,"train_f1":0.9648143321581916,"_step":16,"val_accuracy":88.88888888888889,"epoch":16,"fold":2,"val_f1":0.8882952739594735,"_wandb":{"runtime":47},"train_loss":0.09528375061398203,"train_recall":0.9648148148148148,"val_loss":0.3524646045019229,"_runtime":47,"train_accuracy":96.48148148148148}