{"_timestamp":1.7659017178852806e+09,"val_precision":0.8995713384806804,"epoch":13,"train_loss":0.1874515443870967,"val_loss":0.8506721060936494,"train_recall":0.95,"train_f1":0.9499984567424922,"_step":13,"train_precision":0.950055562415113,"_wandb":{"runtime":94},"train_accuracy":95,"_runtime":94,"val_accuracy":89.25925925925925,"val_f1":0.8914775743254708,"val_recall":0.8925925925925926,"fold":1}