{"train_loss":0.08138076042417776,"fold":3,"epoch":16,"val_precision":0.896551724137931,"val_recall":0.896551724137931,"train_accuracy":97.12962962962963,"_step":16,"val_f1":0.896551724137931,"train_f1":0.9712163416898792,"_runtime":105,"val_confusion_matrix_table":{"log_mode":"IMMUTABLE","nrows":4,"artifact_path":"wandb-client-artifact://w0611l4srwp7g4j2h4shn2j274hdc81a3agbv2ceozh1mrcnmsfmqxnp0wpyluhqlxz6nxnjksuxj5d2rrlx3rnmvgrh1fhq8e7pfxwolemsj520z6jzgfxy0aag7f4m/val_confusion_matrix_table.table.json","path":"media/table/val_confusion_matrix_table_6_a52715251f6864154193.table.json","sha256":"a52715251f6864154193d3895ef84ce9ffbabe18f4b91dcad2f4eda6cc83b236","_latest_artifact_path":"wandb-client-artifact://d3lo5iw4uwyrbm0mqsljdi0okxeeq4l4oapn7tffnnq8enqdaourk7n42bf1l5sgyenbfclusads7cmf8mck09nbqv219hzxfnikgroqxqwcu2wpoiz5tftdy4l4aa9f:latest/val_confusion_matrix_table.table.json","ncols":3,"size":248,"_type":"table-file"},"val_accuracy":88.88888888888889,"_wandb":{"runtime":105},"val_loss":0.49668527642885846,"train_recall":0.9685185185185186,"_timestamp":1.7685848890384097e+09,"train_precision":0.9739292364990689}