{"train_loss":0.07697658613324165,"_runtime":109,"train_accuracy":96.85185185185185,"_wandb":{"runtime":109},"train_precision":0.9791666666666666,"epoch":18,"_timestamp":1.7678513766722038e+09,"val_f1":0.8770764119601329,"_step":18,"train_f1":0.9681647940074907,"val_recall":0.9103448275862069,"val_accuracy":86.29629629629629,"val_precision":0.8461538461538461,"val_confusion_matrix_table":{"_latest_artifact_path":"wandb-client-artifact://oztmryy75ck4bxi4mqvbuhzzn5kkr80afunn0wlgwkg9hzz6dh4e8r5qxuzhc9x8ek3qcavdmjg7bn9q50yzcq5minuyltoutdebieyh8ypb77d9usjdxtbi3wlf81b7:latest/val_confusion_matrix_table.table.json","ncols":3,"artifact_path":"wandb-client-artifact://csqr26g3hc0a2r3f0ocaevgwby691q3uwvi5io668aq4l5dza87gozioqd3rfiwzvimnoqislt6j9wcqdtwggj6c9e7jyfiak9h9vde00fifxgkbi76lyr9nbrl32f9s/val_confusion_matrix_table.table.json","nrows":4,"path":"media/table/val_confusion_matrix_table_8_8f65ab6d91da23a139fa.table.json","log_mode":"IMMUTABLE","size":248,"_type":"table-file","sha256":"8f65ab6d91da23a139fa4557c513cdb6f9db73d319e08b77e002c662254542f6"},"fold":4,"val_loss":0.5007303953170776,"train_recall":0.9574074074074074}