{"train_recall":0.9574074074074074,"val_f1":0.8805460750853242,"val_loss":0.5564105212688446,"epoch":14,"val_accuracy":87.03703703703704,"val_confusion_matrix_table":{"_type":"table-file","nrows":4,"ncols":3,"artifact_path":"wandb-client-artifact://h0yq0zmjltn3cuivvhimhvg8s3zjdw7om1upnr7egvqpngtjfnvebwruvqtdltwn8mtaslwjdpiin1yjlh3s5mivjfswja4g2jbtry9u9m2f8lceprthfkvhf9v8mi9q/val_confusion_matrix_table.table.json","_latest_artifact_path":"wandb-client-artifact://zwewslx21b3y7psex9xvkg83a69xv6chm6tr7x97ztjvlcy39eusfjzjru1tctcnxt0loncse4mjvr8t8ltgqyed09vwef1t2op995sxtc30bswmcxs535q542nlbo1g:latest/val_confusion_matrix_table.table.json","size":246,"sha256":"f13069427b304db972bacf65d56f2b15e34fe249ff714e5a5090d73aa4d86cd8","log_mode":"IMMUTABLE","path":"media/table/val_confusion_matrix_table_4_f13069427b304db972ba.table.json"},"fold":0,"val_recall":0.8896551724137931,"train_loss":0.13648848100142044,"train_f1":0.9574074074074074,"_step":14,"_wandb":{"runtime":144},"val_precision":0.8716216216216216,"train_accuracy":95.74074074074075,"_runtime":144,"train_precision":0.9574074074074074,"_timestamp":1.7678492630124292e+09}