{"fold":4,"train_loss":0.14193503922698172,"val_accuracy":87.77777777777777,"epoch":14,"val_confusion_matrix_table":{"size":248,"_latest_artifact_path":"wandb-client-artifact://o3u3v1725kowjvk1nz7nmgj0ifu6f29ts2z8iauqhrgw52syexodm8rn8ker4hxcvpgdppop1edszpu7vfs6e3om7qxv2sz1oxwypmj6gehe9wvlf19ht8vaiad562op:latest/val_confusion_matrix_table.table.json","path":"media/table/val_confusion_matrix_table_4_d7b2f18226fe367f955c.table.json","nrows":4,"sha256":"d7b2f18226fe367f955c895d73ecaae18fe3a199ba245cc1735af675550a8353","log_mode":"IMMUTABLE","_type":"table-file","ncols":3,"artifact_path":"wandb-client-artifact://yn9wsq9uj4yr2kv8ph8a8i9dt5tld9ukiuyrl6kdeoaly7dj87jowdc76a6iinh45pjinfat8ansdzacmmck5uydqrpr7ud6hfmxyqjhsalk253vt71vppmxu4knap9h/val_confusion_matrix_table.table.json"},"_runtime":86,"_step":14,"train_recall":0.937037037037037,"train_f1":0.9520225776105362,"train_precision":0.9674952198852772,"val_f1":0.8903654485049833,"_timestamp":1.7685678354924798e+09,"_wandb":{"runtime":86},"val_recall":0.9241379310344827,"val_precision":0.8589743589743589,"val_loss":0.5492964411775271,"train_accuracy":95.27777777777777}