{"val_f1":0.8648648648648649,"val_loss":3.8334866302708783,"_step":15,"val_accuracy":85.18518518518519,"val_confusion_matrix_table":{"path":"media/table/val_confusion_matrix_table_5_2ff41e5e8ff1e6100b09.table.json","_latest_artifact_path":"wandb-client-artifact://615g9eacyj67e5o5zd5i24daplhwrr1sp19thl08zxwmerlnbz7sxqm7mkxr8kreb9mhirnxxqqykanbgeureod02fcfywcdve7dk0nyvqluoy13wsl7w5nmaldfv0v5:latest/val_confusion_matrix_table.table.json","_type":"table-file","nrows":4,"log_mode":"IMMUTABLE","artifact_path":"wandb-client-artifact://sp7xnm0vugwu6jbrdg41coapb86r9lpwh63wwb0x0n7gau3kpphs1hkluywnkcfjdurjstzpt6778oxc7m9a1aycwel9h4ucw6fiktbnkxel3kic6qoy07qoqj3a5e71/val_confusion_matrix_table.table.json","size":248,"ncols":3,"sha256":"2ff41e5e8ff1e6100b096d580880e8118ef63620d876c26c1743f1f9e9665762"},"_wandb":{"runtime":80},"_runtime":80,"train_recall":0.8518518518518519,"val_precision":0.847682119205298,"_timestamp":1.7685623941584938e+09,"epoch":15,"train_precision":0.9218436873747495,"train_loss":0.9081218930130656,"val_recall":0.8827586206896552,"fold":0,"train_f1":0.8854667949951877,"train_accuracy":88.98148148148148}