{"_timestamp":1.7678462637443662e+09,"train_accuracy":96.57407407407408,"train_recall":0.9518518518518518,"_wandb":{"runtime":116},"_runtime":116,"epoch":17,"val_loss":0.56803959608078,"train_precision":0.979047619047619,"val_precision":0.8441558441558441,"fold":0,"train_f1":0.9652582159624413,"val_f1":0.8695652173913043,"val_accuracy":85.55555555555556,"_step":17,"val_confusion_matrix_table":{"log_mode":"IMMUTABLE","sha256":"e2cb16b01d4a9a3feabc594a6b35558792f79f7146badf308bbf661f5ccb7645","size":248,"ncols":3,"artifact_path":"wandb-client-artifact://5ch92dozdnz2rrg8zvzixt31e4djvoxeajoasy7zg59gbqvcfkqrxgot1zgmzsbnbb4tofc2wyxxwva555q4fa7foyan29fb2p633orqd5h49279r2x1a8dsht6jcxeq/val_confusion_matrix_table.table.json","_latest_artifact_path":"wandb-client-artifact://qeq34bprvgf1r6gmn21kgddj39uywqqutygp9gebqdro9fg1m379qo09r6min39rgrx1gobbj05s5tf61ibmsoh6b3yu2u26i19nvkxd5ftldydtno5133298m9uajy6:latest/val_confusion_matrix_table.table.json","_type":"table-file","path":"media/table/val_confusion_matrix_table_7_e2cb16b01d4a9a3feabc.table.json","nrows":4},"val_recall":0.896551724137931,"train_loss":0.09961352497339249}