{"train_loss":0.08995429528030482,"val_f1":0.8956228956228957,"_wandb":{"runtime":105},"val_recall":0.9172413793103448,"val_confusion_matrix_table":{"size":248,"path":"media/table/val_confusion_matrix_table_10_f2d4590c1d2ee6ba4ff6.table.json","artifact_path":"wandb-client-artifact://thn1t2doqnsqfgk7a4zpycs5kdvtpfdi3mfcoywzn28ht0zl7h1bv78w6ng014thvib5gtq1g196n2fwed0iw38v9xqh3vh4ujp1u957vrh8nshvw24p9qijx3md3wf7/val_confusion_matrix_table.table.json","_type":"table-file","ncols":3,"nrows":4,"log_mode":"IMMUTABLE","_latest_artifact_path":"wandb-client-artifact://ypbnu9bmsdkfht32thnsaqfqnjn8hmko8g107g2cdjtlkjuriqqflu93dqnknf4wl7pepu8ljplhcdrjghgn2ahja8gbn3y43p0te2783ar8ow534g3ap32iqjd8oij9:latest/val_confusion_matrix_table.table.json","sha256":"f2d4590c1d2ee6ba4ff66310f62d0b3a5e7c4b7faabdcd1d6bdd714a60bf6688"},"_step":20,"val_precision":0.875,"epoch":20,"_runtime":105,"val_loss":0.4186707561214765,"fold":3,"train_accuracy":96.57407407407408,"_timestamp":1.7684651861526272e+09,"train_recall":0.9611111111111111,"val_accuracy":88.51851851851852,"train_precision":0.9700934579439252,"train_f1":0.9655813953488372}