{"train_f1":0.9685167910447762,"val_confusion_matrix_table":{"size":176,"ncols":3,"log_mode":"IMMUTABLE","nrows":4,"_type":"table-file","path":"media/table/val_confusion_matrix_table_39_107ca09efba27be2bff8.table.json","sha256":"107ca09efba27be2bff8ce8d99f80b6cae47a1a6ca018ed5137fa3f6bde9a944","artifact_path":"wandb-client-artifact://gkc40splozcu7zjvigwo7vuoadyfflbxneio6lbhm0ws4ikvqoy5du179mixr3oyy3f2dpznvp3myrunqgpkmanoqr6yzq3fgdli9i7dv8t3l6s952o5r2ecy760dgkf/val_confusion_matrix_table.table.json","_latest_artifact_path":"wandb-client-artifact://qo5nsut84303z46of8alfwfqvcw4kqwyvuw0z5yi54nlvbuql1dyvkn3a2c0buwlixnrt4vgyl4ibj85fshsu63kvnnulmtca4ibc1mimmsy85nk02puuqc4j0t3pipl:latest/val_confusion_matrix_table.table.json"},"_timestamp":1.7659593183862247e+09,"fold":0,"val_f1":0.86678413450067,"val_accuracy":86.66666666666667,"_step":39,"_runtime":161,"train_recall":0.9685185185185186,"train_precision":0.9686213709456122,"_wandb":{"runtime":161},"val_loss":0.46452286342779797,"val_recall":0.8666666666666667,"val_precision":0.8672824234427401,"train_loss":0.08120659171518954,"epoch":19,"train_accuracy":96.85185185185185}