{"val_f1":0.8920834678351464,"_runtime":124,"train_recall":0.9666666666666667,"val_confusion_matrix_table":{"nrows":4,"_type":"table-file","ncols":3,"size":175,"artifact_path":"wandb-client-artifact://jixvwdk3ckh2zyiyaa1tllq6yxooelsjj9ova46rx8597l7eg2tpv7gb5t7ol7c13s5xfkvmfvvav3sl565jg4cyv3kx33c5dkb6z3q4cvgpixpt4fqe2ldhpwb3n01z/val_confusion_matrix_table.table.json","path":"media/table/val_confusion_matrix_table_31_82b872493adbcb424a9a.table.json","log_mode":"IMMUTABLE","_latest_artifact_path":"wandb-client-artifact://1kxy3boxqycxkgjvbdp485obdnf5ma2r7iizupefuk6vzdh3p5vupavta09sriasjy9f1tkwzw2575yoj2tb06kk7wu6noosdl12aod5cho2sw4sy7tk6kj27o24ejxr:latest/val_confusion_matrix_table.table.json","sha256":"82b872493adbcb424a9acc5a91d86065ffd8ef81174ff37577e1289ff2be3666"},"fold":2,"val_precision":0.8945993902134254,"_wandb":{"runtime":124},"train_f1":0.9666625509322139,"train_precision":0.966897233201581,"_step":31,"train_accuracy":96.66666666666667,"val_accuracy":89.25925925925925,"_timestamp":1.7659595736509101e+09,"val_loss":0.3597816837330659,"epoch":15,"val_recall":0.8925925925925926,"train_loss":0.09888382865623994}