{"_runtime":54,"val_loss":0.4983075025180976,"val_accuracy":90,"val_precision":0.9022717295873574,"_step":14,"_timestamp":1.765902632804613e+09,"val_recall":0.9,"val_f1":0.9001360282499072,"epoch":14,"train_recall":0.9583333333333334,"_wandb":{"runtime":54},"train_loss":0.11657438295978037,"train_accuracy":95.83333333333333,"fold":2,"train_precision":0.9583349051265608,"train_f1":0.9583332976108518}