{"_wandb":{"runtime":85},"epoch":15,"train_loss":0.09769186487590725,"val_f1":0.9,"val_precision":0.8709677419354839,"train_recall":0.9703703703703703,"val_loss":0.3840470090508461,"val_recall":0.9310344827586207,"_step":15,"_runtime":85,"train_accuracy":96.75925925925925,"fold":3,"_timestamp":1.768374146206297e+09,"train_f1":0.9676823638042474,"val_accuracy":88.88888888888889,"train_precision":0.9650092081031307,"val_confusion_matrix_table":{"ncols":3,"size":248,"nrows":4,"path":"media/table/val_confusion_matrix_table_5_bc8dbbff4ce14fa93c66.table.json","artifact_path":"wandb-client-artifact://o5q6qr7n2bkelaec2z96geohryrfb7dofd964s1q7nnyq8cfbtk9ft2iba8y9bl5qqruypdfe2ejmh4segvbev1h2kk3y8x0jhht4ip4zf66ro3v4jcm0pzpf77d2092/val_confusion_matrix_table.table.json","_latest_artifact_path":"wandb-client-artifact://59wx43xpisf8grkuauukmccqt04fpml87u5w4demvb8d2t2q2t6hx7v4x25z64xjittnc5v73e7n7wbn2ioyavowfw81n6gl0mav5qqrqncadjtjqw15ultycef3jevf:latest/val_confusion_matrix_table.table.json","sha256":"bc8dbbff4ce14fa93c669d106d48ee1df0a7e036d5f98fdd31c442c3ed715506","_type":"table-file","log_mode":"IMMUTABLE"}}