{"train_precision":0.9528301886792453,"val_accuracy":86.66666666666667,"val_confusion_matrix_table":{"ncols":3,"log_mode":"IMMUTABLE","artifact_path":"wandb-client-artifact://5ii8sh6dn315qz9lq8jpo8r8k7gk87adgq0otbltfgp6y3isi58u481aqf30d6cmgb968f1johsy04w4t2a1vk3zy07fgmmng145p8my21xsmnri0tfc29dqjbqrwsdb/val_confusion_matrix_table.table.json","_latest_artifact_path":"wandb-client-artifact://atvym4t7vp17n6dir3b1gkznxx3du7lb53wyidvh7csyjk09o09sv4znjuol5tg1x9pbhl295jmthhydedqkr5o526eh3wlwfulp66mkemhjmaqptk4ll94kqy3vqicb:latest/val_confusion_matrix_table.table.json","_type":"table-file","size":247,"sha256":"70bc3531dc5642af3e6a0c4f9023747cead152bd2488c15c586528d117f1d871","nrows":4,"path":"media/table/val_confusion_matrix_table_6_70bc3531dc5642af3e6a.table.json"},"train_recall":0.9351851851851852,"val_recall":0.8896551724137931,"_timestamp":1.76858713625832e+09,"epoch":16,"fold":4,"train_accuracy":94.44444444444444,"_wandb":{"runtime":102},"val_loss":0.5057533333698908,"_step":16,"train_f1":0.9439252336448598,"val_f1":0.8775510204081632,"_runtime":102,"val_precision":0.8657718120805369,"train_loss":0.1590955491093072}