{"_runtime":142,"train_accuracy":97.68518518518519,"val_loss":0.48666154593229294,"val_recall":0.8777777777777778,"_wandb":{"runtime":142},"train_f1":0.9768502442299233,"val_confusion_matrix_table":{"nrows":4,"log_mode":"IMMUTABLE","_latest_artifact_path":"wandb-client-artifact://gq520cmepgjivrobnocsw49k35bh0ww9woosj4tm9ggrxugo081jswj9g0mye58he7d21pkw04i5yjucg4tqpxglyxcn7nudn6qrd2ndix5d6o8dz5albxodzs0c9z30:latest/val_confusion_matrix_table.table.json","_type":"table-file","path":"media/table/val_confusion_matrix_table_35_bb84a84135b2c8c2dcdc.table.json","size":248,"sha256":"bb84a84135b2c8c2dcdc97a91e48f65bd1ea8d5afccdaa6b16102cd4f47bf775","artifact_path":"wandb-client-artifact://oqecbmvxs9fwqc71v1y63xkeqpgqz82vgsmjftdlf5rfd5cnldgefht3s16e9samaamnkp1158nxsdob9vflwdlq1ecq5ubf7xlq2hjnx0i0hrzk0t0zntcqabx8ctvp/val_confusion_matrix_table.table.json","ncols":3},"epoch":17,"train_recall":0.9768518518518519,"val_accuracy":87.77777777777777,"train_precision":0.9769843475039363,"_timestamp":1.7659606869122047e+09,"val_precision":0.8788749564611634,"_step":35,"fold":4,"val_f1":0.8773350849843723,"train_loss":0.07028542137281461}