{"fold":1,"train_precision":0.9546686101346137,"_wandb":{"runtime":126},"val_accuracy":90.74074074074075,"epoch":15,"val_precision":0.9082214082214082,"train_loss":0.11312666929072955,"val_recall":0.9074074074074074,"train_recall":0.9546296296296296,"_runtime":126,"_timestamp":1.7659594470485954e+09,"val_f1":0.9075029621985246,"val_confusion_matrix_table":{"size":176,"artifact_path":"wandb-client-artifact://uhww1yh0lkmpm4hmzh542bcfyysi89yxwtqq3tce4vdfq5bupb9363w0mpdmtgrocykizf5xmxb996mphvynu2csqffq517t33p1dn2vn174kmr03a9z30d4cz1640w7/val_confusion_matrix_table.table.json","log_mode":"IMMUTABLE","ncols":3,"_latest_artifact_path":"wandb-client-artifact://21yxh9llnvi4xsnbb3yziw78921h7ls08ustm7x4ktfxemb40lb8nuk0l2xcjcsrlkfcj6hgi740nkbkyn73hsdqfvzd0u3nm55qcypzilx4qf30xpt82dk6b7b5cx3w:latest/val_confusion_matrix_table.table.json","_type":"table-file","path":"media/table/val_confusion_matrix_table_31_7f25d2597439b8323379.table.json","nrows":4,"sha256":"7f25d2597439b832337963f96a5164fa4932b2371c144cc342ac92ff9e71117a"},"train_f1":0.9546286571642912,"train_accuracy":95.46296296296296,"val_loss":0.31533141310016316,"_step":31}