{"val_precision":0.8214285714285714,"_step":18,"fold":3,"train_recall":0.9574074074074074,"_timestamp":1.7685671853930652e+09,"val_loss":0.4800601291159789,"epoch":18,"val_accuracy":86.29629629629629,"train_loss":0.10617627406662161,"train_precision":0.962756052141527,"train_accuracy":96.01851851851852,"val_recall":0.9517241379310345,"_wandb":{"runtime":99},"_runtime":99,"train_f1":0.9600742804085423,"val_f1":0.8817891373801917,"val_confusion_matrix_table":{"ncols":3,"sha256":"84e27d03a8ddc0e74819f21e2f566bf25858b282c24ca7f8df9595fe52e0812d","nrows":4,"log_mode":"IMMUTABLE","_latest_artifact_path":"wandb-client-artifact://9csui3crgjhi0skkit8klly0cgo5m7kdx2lyzra64g8i2u438mc9atyac9n0prc4dik6upfwb1bxx879uxu5srcg0h5csmcs2b13rvw9sas7x29smek0szuhls6tbi6l:latest/val_confusion_matrix_table.table.json","artifact_path":"wandb-client-artifact://dk61tzrrmyyhlhpcg2h42do7suu8i0y1kv4rzwvi456kp9zf30fq5bj6f6ex0ip8ih497x2svz196gsq1nm6lg5w8w3brsojjxfup3cb7cmurvzbpjc66pkxorrnotli/val_confusion_matrix_table.table.json","path":"media/table/val_confusion_matrix_table_8_84e27d03a8ddc0e74819.table.json","size":248,"_type":"table-file"}}