{"val_loss":0.378694737853948,"_wandb":{"runtime":132},"val_f1":0.9133333333333333,"train_loss":0.07577474880963564,"train_accuracy":97.31481481481481,"_timestamp":1.768376285518341e+09,"val_confusion_matrix_table":{"ncols":3,"artifact_path":"wandb-client-artifact://vcrtr0qc9ycn8o55hdfrusvmt4qgd7k2eydcvt4lhcdykpi9euhs282r9cm0vp60yrg03gz2aosz6dx25pfyjleecasyd02vsh5frmj2diqwq0lm1oflreyvqa0hh1nz/val_confusion_matrix_table.table.json","_type":"table-file","_latest_artifact_path":"wandb-client-artifact://hy527ynsylie3wrsksu2vmyuuqpctn6buewqrodkh07vm2qcrrhoepjtwdi6mtdnhsfo8ik6kid7l2dsr49lh7cjmy1wysrcm03h1vxx8tta9hg0chmqtkvtoq0di18n:latest/val_confusion_matrix_table.table.json","log_mode":"IMMUTABLE","size":247,"path":"media/table/val_confusion_matrix_table_14_8ac3dbf8f0aa5dac17ef.table.json","sha256":"8ac3dbf8f0aa5dac17efa53fed2e928861483bb42cbce8aa7daf20c680694570","nrows":4},"train_recall":0.9703703703703703,"_step":24,"val_recall":0.9448275862068966,"_runtime":132,"epoch":24,"fold":1,"train_precision":0.9757914338919925,"val_accuracy":90.37037037037037,"val_precision":0.8838709677419355,"train_f1":0.9730733519034355}