{"_step":19,"val_precision":0.8524477217287675,"val_recall":0.8518518518518519,"train_f1":0.9648128841088675,"_wandb":{"runtime":98},"train_precision":0.9649168541792438,"val_confusion_matrix_table":{"nrows":4,"path":"media/table/val_confusion_matrix_table_9_09c8bcfc4dd603731d3c.table.json","log_mode":"IMMUTABLE","ncols":3,"_type":"table-file","artifact_path":"wandb-client-artifact://lw2l8kkjaa4n3o5j6utnmzc93fwnf4rlwtfwqiim5o0dwhjl7zcw2ejdjecywq3xpzj4m3ktja22or04cc6qzmgiw7rbyjac5pvo7rfx9f5hvxkia1isehyj1ngwwtky/val_confusion_matrix_table.table.json","_latest_artifact_path":"wandb-client-artifact://f39bix1sz96cgbk30uaeagh9tw2hwh1949nuw1zahrpc8t09k920ma20lwio8ronik0a5dcpvm47w5kyc73s9gf2cc7zlnweczalasvo8ie3rsgpstaelt99rrosxh1e:latest/val_confusion_matrix_table.table.json","size":248,"sha256":"09c8bcfc4dd603731d3cd2eee9b5f00a59073c9101de6a0cd6ff77273234e7bc"},"train_recall":0.9648148148148148,"train_loss":0.07400650023059412,"_timestamp":1.7660536207971501e+09,"train_accuracy":96.48148148148148,"val_loss":0.599286769827207,"val_f1":0.8513916878773499,"val_accuracy":85.18518518518519,"epoch":14,"fold":0,"_runtime":98}