{"val_accuracy":88.14814814814815,"val_loss":0.35171079635620117,"val_precision":0.8843537414965986,"train_recall":0.9666666666666667,"fold":1,"val_recall":0.896551724137931,"train_f1":0.9666666666666667,"val_confusion_matrix_table":{"artifact_path":"wandb-client-artifact://suoaqif6ln8uzi826zh7cgndhjyi61pij9oulzp92qga49lf2namb5f6md2sc70y9stuo7715lwv5vkskk0mavip5qjjqgrno0kvu2x0sivuwjf38svgqr4p4cjwetsq/val_confusion_matrix_table.table.json","log_mode":"IMMUTABLE","size":247,"nrows":4,"_latest_artifact_path":"wandb-client-artifact://apo9w19thm6jpmvy7mf0fuor8blm8zol2sigvrzj25yg6sujivynxrdcujuw44zw43d8o9fhsvq1n3hrbk3k00hfccv6eexcdoccqaxim5s7xnzpf2vu9o236hn5u1zi:latest/val_confusion_matrix_table.table.json","ncols":3,"sha256":"8687832327f85b9eaf8326e95567d3e45aa5fd980cb0f35e6f7045323cbc628b","path":"media/table/val_confusion_matrix_table_9_8687832327f85b9eaf83.table.json","_type":"table-file"},"epoch":19,"val_f1":0.8904109589041096,"train_precision":0.9666666666666667,"_timestamp":1.7678463907659342e+09,"train_loss":0.11056519367478111,"_wandb":{"runtime":124},"_step":19,"_runtime":124,"train_accuracy":96.66666666666667}