{"train_loss":0.1071420359340581,"train_recall":0.9666666666666667,"fold":1,"train_precision":0.9525547445255474,"val_loss":0.36537364063163597,"val_f1":0.9114754098360656,"val_precision":0.86875,"_wandb":{"runtime":108},"_timestamp":1.7685840553039925e+09,"_runtime":108,"val_accuracy":90,"epoch":19,"train_accuracy":95.92592592592592,"train_f1":0.9595588235294118,"_step":19,"val_recall":0.9586206896551724,"val_confusion_matrix_table":{"_latest_artifact_path":"wandb-client-artifact://8znbawe4lj80ja1qpvl1q4wewycjal8wcgias89y0c9aehvb5r7vcev08k6dlb58804kp3ytp9f258fc1034aspqidbhdi5fbqpb5b6ynttfypoqg3lyqnko88od5elr:latest/val_confusion_matrix_table.table.json","ncols":3,"path":"media/table/val_confusion_matrix_table_9_de40526ed37a18cd76ab.table.json","nrows":4,"log_mode":"IMMUTABLE","artifact_path":"wandb-client-artifact://005rgib8047t1f7u7pq90tydotvqepkkwfu36i69znkk47ot9rx2chhv5uq198iilnff37f262u5ddylccu5sg406kt9ol1qpvv1fir2yr1iba1m0160wzhmo8tz9t1b/val_confusion_matrix_table.table.json","sha256":"de40526ed37a18cd76aba82dab8674d97a4ad6fb65b5a21a8201fabf92c7c4bb","size":248,"_type":"table-file"}}