{"_runtime":115,"train_recall":0.9666666666666667,"train_f1":0.9693593314763231,"train_precision":0.9720670391061452,"val_accuracy":86.66666666666667,"val_precision":0.8516129032258064,"train_accuracy":96.94444444444444,"val_confusion_matrix_table":{"size":248,"log_mode":"IMMUTABLE","nrows":4,"_latest_artifact_path":"wandb-client-artifact://acn33xa6dklw157n17mqgbxlkshuwb0x06nzqbsgwt1bi69nrgyxc909c7mx93yeaesrbouvhhnwxipfkg2kw9poii98topk2fxbvvbjai217q7olb14z23ko6tgzsgw:latest/val_confusion_matrix_table.table.json","artifact_path":"wandb-client-artifact://g9pt7kkcur1kfni63tru9qt1fbl38f5hzdt4obomv0i00d0x7tsjf36pk60oe6dg6ep64njsncrv9mxkxp2yim4pm7j81de4gfbzl32wx9jknug6as2knvquk5k747ax/val_confusion_matrix_table.table.json","_type":"table-file","sha256":"cb7f3195879c65b2465d184ce2d462abeaf771367243b273d1e50827919cdb3d","ncols":3,"path":"media/table/val_confusion_matrix_table_10_cb7f3195879c65b2465d.table.json"},"val_f1":0.88,"_timestamp":1.7678512640045283e+09,"fold":3,"_step":20,"train_loss":0.08218484575098212,"_wandb":{"runtime":115},"val_loss":0.38416046897570294,"epoch":20,"val_recall":0.9103448275862069}