{"val_recall":0.9310344827586207,"_wandb":{"runtime":5288},"val_loss":0.2636725728710492,"val_confusion_matrix_table":{"nrows":4,"artifact_path":"wandb-client-artifact://o3ga5guibvpblj1fcktjwbdvi8bhgdtt71oi3n8dinki7urcrg88omcv31z0itbi6z799rnhokllwe65qll6pstk2haynp5evuuj3cfpxgs638kp8824iyre9j50locs/val_confusion_matrix_table.table.json","_latest_artifact_path":"wandb-client-artifact://2g8mr4c4kp1wzuqcpakbv2w0m4agdopytdc1klq3th42vwoocdjb45nt4knoy83fxvxyx1p8ofh43ye1nk7l818wq67m651e90vut3fclymb4i6f5q7sn488crk9muqd:latest/val_confusion_matrix_table.table.json","size":247,"sha256":"e1d306cf5f7d28382dfd6c4dd5acdf8e217c27e1e0ecc823dfd6c11c8ce8978b","path":"media/table/val_confusion_matrix_table_23_e1d306cf5f7d28382dfd.table.json","ncols":3,"log_mode":"IMMUTABLE","_type":"table-file"},"epoch":33,"train_precision":0.9812734082397003,"train_accuracy":97.5925925925926,"fold":3,"train_f1":0.9757914338919925,"_step":33,"train_recall":0.9703703703703703,"val_f1":0.9152542372881356,"val_accuracy":90.74074074074075,"val_precision":0.9,"train_loss":0.0750952788035978,"_timestamp":1.7685527333307016e+09,"_runtime":5288}