{"_step":15,"fold":2,"train_loss":0.07091998275030743,"val_precision":0.8343558282208589,"_runtime":101,"train_f1":0.9768303985171455,"val_recall":0.9379310344827586,"val_confusion_matrix_table":{"_type":"table-file","size":248,"path":"media/table/val_confusion_matrix_table_5_6ba9a065842ac1ff287d.table.json","_latest_artifact_path":"wandb-client-artifact://ks2smp2s9acai7u0wiw2f541oj41fkhp6ms56onyjalcec5uu2uxa33vq0mjyohrbazxe8pli8yulaoewct1ijh6snyroyk467xqx07xtxvp6hoz3zt5rho4b22xbxqw:latest/val_confusion_matrix_table.table.json","nrows":4,"ncols":3,"log_mode":"IMMUTABLE","sha256":"6ba9a065842ac1ff287dc1b3d6ef491d95a24005ff0727ea8a9b47695af1d5e5","artifact_path":"wandb-client-artifact://e0yp5487jfcpsuvzf56ugpe6bi46spxoh7qpffy5r06yrvizxthd1f0oxie4967a9z3zsia7as4p9oivlylfwbwalicj4ubhbxw46rglpfpxav0gr21q1faz5k6e1622/val_confusion_matrix_table.table.json"},"val_f1":0.8831168831168831,"_wandb":{"runtime":101},"val_accuracy":86.66666666666667,"train_precision":0.9777365491651205,"val_loss":0.48516761263211566,"train_accuracy":97.68518518518519,"epoch":15,"train_recall":0.975925925925926,"_timestamp":1.7678464947366898e+09}