{"train_precision":0.9697542533081286,"train_accuracy":96.01851851851852,"val_accuracy":85.92592592592592,"val_confusion_matrix_table":{"_latest_artifact_path":"wandb-client-artifact://wse3j1bxkxjn5pzofdhprzi583oygdqxg4xlu5fy5nhbbckn0d2x6m77kuu8afhuqgo4ne38gestshxahgoq9deysned23lj89k8ftcl6ifnqbcukoptxws1ldmzyqes:latest/val_confusion_matrix_table.table.json","sha256":"9a18e9d36cbdc50b065a1fc3d656a75210d21a3e0b6fb92000c02e404e98762a","_type":"table-file","nrows":4,"artifact_path":"wandb-client-artifact://6frigtebb09vo6x5uiddk2rmdfccyms33myoawjj074d5j20mmibsbyrxvgyt8ow4lo0g5ui4y5ytnp6g2b7k9wtjrhwz8elj0z71fap9105liaekswmvszsd58nlkd6/val_confusion_matrix_table.table.json","path":"media/table/val_confusion_matrix_table_7_9a18e9d36cbdc50b065a.table.json","ncols":3,"size":247,"log_mode":"IMMUTABLE"},"_wandb":{"runtime":99},"train_loss":0.09975903303447095,"train_f1":0.9597754911131899,"val_loss":0.49665642778078717,"epoch":17,"val_f1":0.8741721854304636,"val_precision":0.8407643312101911,"val_recall":0.9103448275862069,"_runtime":99,"train_recall":0.95,"_timestamp":1.7685839446072786e+09,"fold":0,"_step":17}