{"val_f1":0.8680555555555556,"val_recall":0.8620689655172413,"train_loss":0.5419800874184478,"_step":11,"train_recall":0.9148148148148149,"train_precision":0.903107861060329,"epoch":11,"_timestamp":1.7683832962609518e+09,"val_confusion_matrix_table":{"nrows":4,"_latest_artifact_path":"wandb-client-artifact://hapdkn047jn3phxzmv26gkwxwxkj0pjaov4wugh0baw6a9y22p8spcpg2ebs1zcnixhaj86dwfvs4gfojvfnbrhauojy6fwm4r45itgxs07n45i9o7ngz6s1tuaadlgl:latest/val_confusion_matrix_table.table.json","ncols":3,"log_mode":"IMMUTABLE","sha256":"b9056c337e1a209e56d06e17afa55b5817232f89adc4b338b58fa8b2d7f2d427","size":247,"_type":"table-file","path":"media/table/val_confusion_matrix_table_1_b9056c337e1a209e56d0.table.json","artifact_path":"wandb-client-artifact://cqtabdsdyjgty0pemdxn0rvulyzxe1sujnx54i6giukn8npx6o0mydmve32ctvids81bb03vtqfiobxktt9hcj4q6xho96lwgyqfsrlfl5uhpkng4d579zmkf76ujwki/val_confusion_matrix_table.table.json"},"_runtime":318,"val_precision":0.8741258741258742,"val_accuracy":85.92592592592592,"fold":1,"train_f1":0.9089236430542779,"train_accuracy":90.83333333333333,"_wandb":{"runtime":318},"val_loss":1.7725847661495209}