{"val_accuracy":84.81481481481481,"_wandb":{"runtime":63},"_runtime":63.4016225,"_step":6,"train_loss":0.17628505464424105,"val_loss":0.45652761397992864,"learning_rate":0.0025,"_timestamp":1.7624000956356235e+09,"train_accuracy":93.42592592592592}