{"_timestamp":1.7685624837544613e+09,"fold":1,"val_f1":0.8601398601398601,"val_recall":0.8482758620689655,"val_accuracy":85.18518518518519,"train_precision":0.9284253578732107,"val_precision":0.8723404255319149,"train_loss":1.1630024334246463,"_wandb":{"runtime":82},"train_f1":0.8824101068999028,"val_loss":3.2108915398518243,"_runtime":82,"epoch":14,"train_accuracy":88.79629629629629,"train_recall":0.8407407407407408,"_step":14,"val_confusion_matrix_table":{"path":"media/table/val_confusion_matrix_table_4_f837e1bf0ff2a794452c.table.json","_latest_artifact_path":"wandb-client-artifact://ipyuovryq54c0tcv1k4sp98gzmuse4imyem3oqh04pav6vdnx35yw7w8sqqp35yggple364eb30ovar4n74yg8dz8y37x5fthj9dgu1gz48jjl0i6s57yz4y7zw1ydut:latest/val_confusion_matrix_table.table.json","size":248,"_type":"table-file","nrows":4,"ncols":3,"log_mode":"IMMUTABLE","sha256":"f837e1bf0ff2a794452c1ddf12fd2ceabd0b3b9e376a997529c2f64e1e818546","artifact_path":"wandb-client-artifact://yinxgdvqkmxd1f9wed4tksiuslj74tc4r8pnprvzg7dz31vfwpgseyhmtmd3k13fxwlws2s3wnqykey8o7ni3noam19106feycenql9832e9ihyezk0o8a162rj1sfj0/val_confusion_matrix_table.table.json"}}