{"train_accuracy":97.31481481481481,"_step":24,"val_f1":0.8712871287128713,"train_loss":0.07047193836082112,"train_f1":0.9727699530516432,"train_precision":0.9866666666666667,"val_recall":0.9103448275862069,"fold":3,"val_confusion_matrix_table":{"log_mode":"IMMUTABLE","_type":"table-file","artifact_path":"wandb-client-artifact://u2hsp09s1kp1bncqaipiednmooxc4c1bczqkyxwz31l5feh1kr2gazunucmorm14d4paaic850qzyh650vke8a5zp05gcp61gbebom9pvi33934jsdeex59hys9zqezo/val_confusion_matrix_table.table.json","_latest_artifact_path":"wandb-client-artifact://nqu2xhvtzpcwd7o048xmtb1p4gzuqfr23lik7q7570ur2lgtjq4wsvodz5baft3z4izq4m4m2cl88fgwow9osgc8e8aq3k5iqtczaa3pxzvdsk4a9nis0wipx5yuo46h:latest/val_confusion_matrix_table.table.json","sha256":"2ff87d0a49f870fac1953890804c320cdd5b8e5978ae27282f3b16d4fb7271b0","size":248,"path":"media/table/val_confusion_matrix_table_14_2ff87d0a49f870fac195.table.json","nrows":4,"ncols":3},"train_recall":0.9592592592592593,"_timestamp":1.7673739168905983e+09,"val_accuracy":85.55555555555556,"_runtime":115,"val_loss":0.4196791847546895,"_wandb":{"runtime":115},"epoch":24,"val_precision":0.8354430379746836}