{"_wandb":{"runtime":98},"train_precision":0.961038961038961,"train_recall":0.9592592592592593,"_step":17,"epoch":17,"fold":3,"val_accuracy":87.77777777777777,"val_precision":0.8544303797468354,"_runtime":98,"val_loss":0.543806311984857,"val_confusion_matrix_table":{"size":248,"log_mode":"IMMUTABLE","_type":"table-file","nrows":4,"path":"media/table/val_confusion_matrix_table_7_2413cbf8dfb25937ba8c.table.json","ncols":3,"_latest_artifact_path":"wandb-client-artifact://fh8g9vnj9vqcdqgn82hyz2ocl66l0em5j2yfjars4q572xnqcfn05zwtspytkvf8pev1gfjrnrd2m446y2s7bp1pemnmee5plpile1fcmrqw6d0c4g2s58fj3rhijul3:latest/val_confusion_matrix_table.table.json","artifact_path":"wandb-client-artifact://dagobhx9au4w77eajlsc7jxye43zfqodwjgecs7jhhxzq4dfugwclkydythhuf6v3dxudlygx6bncqpej7zsji2xjcorp1s3099s50e07fk2flnl74y0u8d9jbwv3csu/val_confusion_matrix_table.table.json","sha256":"2413cbf8dfb25937ba8c5d38564dce41ddb2053aca3f222ab8121b7968f15981"},"train_f1":0.9601482854494903,"val_f1":0.8910891089108911,"val_recall":0.9310344827586207,"train_loss":0.11482020179656419,"_timestamp":1.768567746142529e+09,"train_accuracy":96.01851851851852}