{"val_confusion_matrix_table":{"_latest_artifact_path":"wandb-client-artifact://ftofm8yaxdwa850jagny5fr4osk4tuvlhjm3j6dzw97h4irfszipnyw76fa2py1moj65t7tvusopdtdm9ntxn6so3b3ofsec2vcgg610r1eyzuzr75shp0hrakz3v7z7:latest/val_confusion_matrix_table.table.json","_type":"table-file","nrows":4,"size":248,"sha256":"f2d4590c1d2ee6ba4ff66310f62d0b3a5e7c4b7faabdcd1d6bdd714a60bf6688","path":"media/table/val_confusion_matrix_table_99_f2d4590c1d2ee6ba4ff6.table.json","ncols":3,"log_mode":"IMMUTABLE","artifact_path":"wandb-client-artifact://j2vw48gow7fd5tw4nonrxd6x5y9m2xu5xamd2prvqyr3dm47afthss4yjj6wivmp35lgldzbbs57a8g12rmg3vsfya0ew1yrw50ye1odsoqrdktey243k9o5grsbklep/val_confusion_matrix_table.table.json"},"train_precision":0.8376865671641791,"train_loss":0.42092261666601355,"_timestamp":1.7687314031465485e+09,"train_accuracy":83.51851851851852,"val_recall":0.903448275862069,"val_f1":0.8821548821548821,"_step":99,"val_precision":0.8618421052631579,"_runtime":16006,"_wandb":{"runtime":16006},"fold":1,"val_accuracy":87.03703703703704,"train_f1":0.8345724907063197,"val_loss":0.4289470960696538,"epoch":99,"train_recall":0.8314814814814815}