{"val_loss":0.7552967568238577,"_timestamp":1.7661667308226602e+09,"train_precision":0.9364485981308411,"_runtime":111,"_step":12,"fold":3,"train_loss":0.19670067803764885,"val_recall":0.9103448275862069,"val_confusion_matrix_table":{"_latest_artifact_path":"wandb-client-artifact://i2vj4xc8nomvmp3a4kl9nyka2r9j5vylvqkc1v66l5qjefvc81csho2h4zwff96166fopraqlkjopfzsx9vk5x0sfp43z9lg9r5cd6b08ovkg2od5pr8r5grvktc3aju:latest/val_confusion_matrix_table.table.json","artifact_path":"wandb-client-artifact://5rh2an2au6jjv9h1be9l56zsumvzjc20sy8ihvq9o8wzrdauoemasbxtbwkmu8ra48ecq7317hno8chv51mvin5fx159iqd54jknaq4cpp081bjrs8n74xiumr51ipdf/val_confusion_matrix_table.table.json","ncols":3,"log_mode":"IMMUTABLE","path":"media/table/val_confusion_matrix_table_2_2cb9ef9b3b89e9f60585.table.json","size":248,"sha256":"2cb9ef9b3b89e9f60585ee6da0550063297030258a8ed8971747ca13374068b1","_type":"table-file","nrows":4},"val_f1":0.8741721854304636,"val_accuracy":85.92592592592592,"train_recall":0.9277777777777778,"epoch":12,"val_precision":0.8407643312101911,"_wandb":{"runtime":111},"train_f1":0.932093023255814,"train_accuracy":93.24074074074075}