{"train_loss":0.11872288810131564,"train_precision":0.9717514124293786,"fold":4,"_wandb":{"runtime":126},"val_precision":0.8972602739726028,"val_confusion_matrix_table":{"size":248,"path":"media/table/val_confusion_matrix_table_7_225e93b8eddfc2a841bf.table.json","log_mode":"IMMUTABLE","_latest_artifact_path":"wandb-client-artifact://ggni1u2i0ukwzivbs42dth9ovncr4l44cpbpx1ummabt6kuniyrqfnencft260kilvglv4yyd1dvzlz3h3dormnh934qays8ioczpk96wy66zohj3f1m4km0xiby7wbz:latest/val_confusion_matrix_table.table.json","artifact_path":"wandb-client-artifact://svha9gcataehvt5qe52rpiwbw07hglo4jtq0iho73rgdpboi9hmp7k0mc2wmrxtkdbpzhtewymt8g8ibx721wa1zigvutcfzw5bdpg1p2ufs1rowro35y630i0a8b2j0/val_confusion_matrix_table.table.json","sha256":"225e93b8eddfc2a841bff756b01cdc057839ba4b2f8527ffc0f9cd13cd007f65","ncols":3,"nrows":4,"_type":"table-file"},"train_recall":0.9555555555555556,"val_recall":0.903448275862069,"val_accuracy":89.25925925925925,"val_loss":0.4542453167113391,"train_accuracy":96.38888888888889,"_runtime":126,"_timestamp":1.76856009645224e+09,"train_f1":0.9635854341736695,"_step":17,"epoch":17,"val_f1":0.9003436426116839}