{"_wandb":{"runtime":27},"train_recall":0.9462962962962963,"train_f1":0.9462916916745263,"_timestamp":1.7653612367454655e+09,"epoch":9,"val_precision":0.8666962486364561,"val_accuracy":86.66666666666667,"train_accuracy":94.62962962962963,"val_recall":0.8666666666666667,"train_precision":0.9464493996569467,"train_loss":0.1422159072350372,"_step":9,"val_loss":0.40773887435595196,"_runtime":27,"fold":4,"val_f1":0.8664896853050162}