{"val_loss":0.35900649180014926,"train_recall":0.9685185185185186,"_timestamp":1.7683739611746697e+09,"_runtime":107,"train_accuracy":97.03703703703704,"epoch":19,"val_confusion_matrix_table":{"sha256":"3a6564188b4487e01d71710154ca7a1019d269edc85ce6c5ab7d663549a41b85","path":"media/table/val_confusion_matrix_table_9_3a6564188b4487e01d71.table.json","artifact_path":"wandb-client-artifact://wdr1bdpfrg3j9ckcq30unil57epr5x0nwb1vdwfdmzgon81irpd2itg0m8ehx7sz8gtkztsan40k53guyhar99nfq5lgap7jsx299i5fxew0pzhc7hydm1i35bctcnqt/val_confusion_matrix_table.table.json","log_mode":"IMMUTABLE","nrows":4,"size":248,"_latest_artifact_path":"wandb-client-artifact://95jrq20o591trhwmbsyr934ahsgjfjdrfm9v16g7rgvz4utebeu7bejtr0povjwy69w8q9jopkes56aaewsz2a7b50l3jrrmug3e3t65tygp6diomr8p57qdg8is00yd:latest/val_confusion_matrix_table.table.json","_type":"table-file","ncols":3},"_step":19,"train_f1":0.9703153988868275,"_wandb":{"runtime":107},"val_recall":0.9103448275862069,"val_precision":0.9103448275862069,"train_precision":0.9721189591078067,"val_f1":0.9103448275862069,"train_loss":0.07981798057021065,"fold":1,"val_accuracy":90.37037037037037}