{"_timestamp":1.7673658497028859e+09,"train_accuracy":95.46296296296296,"train_f1":0.9545032497678737,"val_precision":0.8333333333333334,"train_precision":0.957169459962756,"_runtime":99,"val_f1":0.8794788273615635,"val_loss":0.45842137063543004,"train_loss":0.11598214299672029,"val_recall":0.9310344827586207,"train_recall":0.9518518518518518,"epoch":19,"_step":19,"fold":3,"val_confusion_matrix_table":{"artifact_path":"wandb-client-artifact://3klysngttdcbtkfcb52opgnry0xm1im5crqcu2cuarqb0897h8tpgm1vux4wi9r19mbpv86aokaeasg2nofrw9v99g08p0dkf40hehjq4rqp0tvwlm1hk9j2ngcev1gi/val_confusion_matrix_table.table.json","size":248,"ncols":3,"nrows":4,"_latest_artifact_path":"wandb-client-artifact://vrufb0j43knqu39k47x6nimrsd66czssa3ih4w5ppzwqqxvuvw7x9cnr4debj23qmxdz4yskf3rh41ithwst2q3szu17uyf5uzmxfvmfckikjm8uxoiyzbcwt9nd3bm6:latest/val_confusion_matrix_table.table.json","_type":"table-file","sha256":"f6e7b22bded222bded1a2419302f105adc06dd03af25645bad250a956e400603","log_mode":"IMMUTABLE","path":"media/table/val_confusion_matrix_table_9_f6e7b22bded222bded1a.table.json"},"val_accuracy":86.29629629629629,"_wandb":{"runtime":99}}