{"train_loss":0.08113218776204369,"_timestamp":1.7659038954501894e+09,"train_f1":0.9648146941519005,"_step":18,"val_loss":0.5756136626005173,"_wandb":{"runtime":63},"val_accuracy":86.29629629629629,"train_accuracy":96.48148148148148,"train_precision":0.964821190962839,"fold":4,"val_f1":0.8631043840538165,"_runtime":63,"train_recall":0.9648148148148148,"val_precision":0.8638380138380137,"epoch":18,"val_recall":0.8629629629629629}