{"val_recall":0.8703703703703703,"_step":22,"val_precision":0.8703192255445901,"train_f1":0.976851832006029,"train_precision":0.9768534871518764,"epoch":22,"train_accuracy":97.68518518518519,"_runtime":60,"fold":2,"train_recall":0.9768518518518519,"_timestamp":1.7659023554933774e+09,"train_loss":0.05906802726994184,"val_f1":0.8703328012316544,"val_accuracy":87.03703703703704,"_wandb":{"runtime":60},"val_loss":0.49564064542452496}