{"best_val_loss":0.3595040664076805,"train_accuracy":96.48148148148148,"_timestamp":1.7660667838765917e+09,"val_recall":0.8555555555555555,"val_f1":0.8551772872760527,"epoch":16,"best_epoch":6,"train_recall":0.9648148148148148,"_step":22,"val_loss":0.44488249719142914,"train_precision":0.9648722064452403,"val_confusion_matrix_table":{"size":248,"_type":"table-file","_latest_artifact_path":"wandb-client-artifact://ls9wdj0iiasva0eod0pkey205xjq6ta608p62xumttzxgfptgypp2zctqm2tqsydssnffyww9dtjsjfcbuogelmqcuk2f7lnaw2cepg5jhmhux000h043gxd1jpb3577:latest/val_confusion_matrix_table.table.json","sha256":"c7fc296286b2978a427597b164c48d0db1c8871ed99c5879ba315a9804376a37","path":"media/table/val_confusion_matrix_table_11_c7fc296286b2978a4275.table.json","nrows":4,"artifact_path":"wandb-client-artifact://5sekll38kamcg6d7ywzqb20ttq60ca8wxr5ijnx0chsba71b2uhtg4xqpnr9mqcv3s81eo3evltmq6ju779681xreejqfobw8sw79we5mbfeaxrr09tp9xpdad3mnrkr/val_confusion_matrix_table.table.json","ncols":3,"log_mode":"IMMUTABLE"},"train_f1":0.9648137288187907,"val_precision":0.8559631777183071,"_runtime":111,"train_loss":0.10186250702562658,"_wandb":{"runtime":111},"fold":0,"val_accuracy":85.55555555555556}