{"val_loss":0.5426750555634499,"val_f1":0.8865979381443299,"_runtime":85,"train_recall":0.9574074074074074,"val_accuracy":87.77777777777777,"train_loss":0.09796827472746372,"train_f1":0.9672591206735267,"_step":17,"val_confusion_matrix_table":{"_type":"table-file","nrows":4,"ncols":3,"_latest_artifact_path":"wandb-client-artifact://ggezz68nlg98ghsb4jk2cbkc9t3oudrkwrw9v4lyglawn7aplh7ifmohk3io6puvcaci9cqi9ojqaktrdwtcau4eks5xsy919iubreudqf77rewcz0yjbn8yzbhn2vvo:latest/val_confusion_matrix_table.table.json","sha256":"350ec59bb14a2295406e45a07e216791047f7d7a77587445fd934416e6a60626","artifact_path":"wandb-client-artifact://zgspi0xnv2xj4gmxkoxs9pyngoxyxw1unysqq8m1mcu8t1doqkdbz9i2hdno7zqgxfofs9wh14tvmmm30u5jlk2r7tl05a7z9e63ul94klmp6rprqzj5atg7sdnz5b0q/val_confusion_matrix_table.table.json","log_mode":"IMMUTABLE","size":248,"path":"media/table/val_confusion_matrix_table_7_350ec59bb14a2295406e.table.json"},"train_precision":0.9773156899810964,"val_precision":0.8835616438356164,"_wandb":{"runtime":85},"train_accuracy":96.75925925925925,"epoch":17,"_timestamp":1.7685672740135908e+09,"fold":4,"val_recall":0.8896551724137931}