{"_step":29,"train_accuracy":96.66666666666667,"fold":0,"val_recall":0.8758620689655172,"_timestamp":1.7684942715902064e+09,"val_confusion_matrix_table":{"nrows":4,"log_mode":"IMMUTABLE","ncols":3,"size":248,"artifact_path":"wandb-client-artifact://rekjwfay74ad16zi923231zi7jn4k4hirvy90dgxi5ek8jq4at8wo2j1mvcjsd94ixchu0smu1xvr84mgpe0vfqtbfvk0g0c8flwxbj42h9rlgezhkubewn9n6gfb1ko/val_confusion_matrix_table.table.json","_type":"table-file","path":"media/table/val_confusion_matrix_table_19_da56dbb323b579e1a071.table.json","_latest_artifact_path":"wandb-client-artifact://deu1ssshmqvkzwfjttnxnau6je8n3skmr7xm3hct5smp6ouwrbv8duszakf4kc60cmzjmpfe7h5k3wzeoxqqnogz2bnhc3954eqe3j4zhm13ppag64mcfgbx9km09gbv:latest/val_confusion_matrix_table.table.json","sha256":"da56dbb323b579e1a07198855450b018ad4750abc3f934d4afee00065a70aba4"},"_wandb":{"runtime":4512},"train_recall":0.9629629629629629,"val_f1":0.8788927335640139,"_runtime":4512,"train_precision":0.9701492537313433,"val_loss":0.2885553960998853,"val_precision":0.8819444444444444,"epoch":29,"train_loss":0.08012746257538145,"val_accuracy":87.03703703703704,"train_f1":0.966542750929368}