{"_runtime":143,"val_confusion_matrix_table":{"_type":"table-file","nrows":4,"sha256":"a237d5c2e74e1abf2e3f29cc6340fdb1ce1d99c13119287cb8d9ea06537f406a","_latest_artifact_path":"wandb-client-artifact://x45zf19mmh2l4yxl7vx9gdzrh1dexxw4fqhgb1r2jkugai7etdclwktkrt3422xb19a0n78hp9ynlsypno1ip4i9pbhy8r0os4ggdhi6dsee8in2ny59olbkzdsqtlo8:latest/val_confusion_matrix_table.table.json","path":"media/table/val_confusion_matrix_table_8_a237d5c2e74e1abf2e3f.table.json","ncols":3,"log_mode":"IMMUTABLE","size":247,"artifact_path":"wandb-client-artifact://urg6cpaucumpvpbkssnbbyf80j9206emliyv2ryfl1kzzuesoh3kb29jwrvc3sxjm75bfmkhtmrq5wm9semb19s0y7u7yi94zg2dgh4078owt4sq4xubqq58ly9xzj1v/val_confusion_matrix_table.table.json"},"train_f1":0.9739776951672863,"train_precision":0.9776119402985075,"epoch":18,"train_recall":0.9703703703703703,"train_accuracy":97.4074074074074,"val_loss":0.4170656129717827,"val_recall":0.9241379310344827,"fold":3,"_wandb":{"runtime":143},"_timestamp":1.7683905338943162e+09,"val_precision":0.864516129032258,"val_accuracy":88.14814814814815,"val_f1":0.8933333333333333,"_step":18,"train_loss":0.0722730765119195}