{"_runtime":167,"fold":4,"val_precision":0.8648648648648649,"train_f1":0.9562790697674418,"val_f1":0.8737201365187713,"train_loss":0.1186282140287486,"epoch":14,"_step":14,"val_recall":0.8827586206896552,"train_recall":0.9518518518518518,"_wandb":{"runtime":167},"val_loss":0.5322338541348776,"train_accuracy":95.64814814814815,"_timestamp":1.7678504047120228e+09,"val_confusion_matrix_table":{"log_mode":"IMMUTABLE","path":"media/table/val_confusion_matrix_table_4_0c90328216971700ad45.table.json","size":248,"nrows":4,"artifact_path":"wandb-client-artifact://aulsf1vr72dqwbj92wet1hqbhx64f5rqqekqei5bbr89ym87cfwb3bf0u508mvtiz99qxkx5tcmggjcjo0brqx2qkeetb6jwsqmlw20941sg7hgyb1yuo3zfx5hgtzsl/val_confusion_matrix_table.table.json","_latest_artifact_path":"wandb-client-artifact://gxrsjt3yvgeanugf1z5h6lm2g41v8objgf7g71wqn2e0emat3w8dl4lz00ptdyqw08ut0z6c9lqret33a6hgkbtcc0yyz1s0ukl0g4pdaaso5jmid79jt3op3vnlxqrb:latest/val_confusion_matrix_table.table.json","ncols":3,"sha256":"0c90328216971700ad450a094156c308a10bdfc5ed18306c9e5feffdc56164e2","_type":"table-file"},"val_accuracy":86.29629629629629,"train_precision":0.9607476635514018}