{"val_loss":0.4350355558951075,"val_accuracy":89.25925925925925,"train_f1":0.9483568075117371,"fold":1,"train_recall":0.9351851851851852,"epoch":17,"val_confusion_matrix_table":{"path":"media/table/val_confusion_matrix_table_7_fbb6b378671cc207733f.table.json","sha256":"fbb6b378671cc207733f5809ad54df2e54e1eed9cc8386bd906d5d8e4e1d08d9","size":247,"_latest_artifact_path":"wandb-client-artifact://g1u6irkwvfdwjy4h7g15bx3h8tysjaof3nbxh60pov2pt9ftxi0jmj3xvk35z0f62ho34wht1j0r1ymr1i3cddzy5fohm19qroutplzbtt4k6reznw9h1ki3rpj67xio:latest/val_confusion_matrix_table.table.json","nrows":4,"artifact_path":"wandb-client-artifact://qgnrdfnlkm5s2cb0z2mzmfigh0kdruvbt2bfl1ipyghktml4372ok0cwruhh0fhyemvjzf32tz1yb5mbnselgxt8fqd6f4ctb6b53rh34kpsj2lq9sds14vxuzxv1hh8/val_confusion_matrix_table.table.json","log_mode":"IMMUTABLE","_type":"table-file","ncols":3},"val_precision":0.8625,"train_accuracy":94.9074074074074,"val_recall":0.9517241379310345,"train_loss":0.13374587673355232,"_runtime":94,"val_f1":0.9049180327868852,"_step":17,"train_precision":0.9619047619047619,"_timestamp":1.7685823276565084e+09,"_wandb":{"runtime":94}}