{"val_accuracy":90.74074074074075,"fold":2,"val_recall":0.9172413793103448,"val_f1":0.9140893470790378,"train_recall":0.9574074074074074,"epoch":16,"val_precision":0.910958904109589,"train_loss":0.12486652670089494,"train_precision":0.9574074074074074,"val_confusion_matrix_table":{"size":248,"path":"media/table/val_confusion_matrix_table_6_78d232ef4dbacc0f4dd8.table.json","log_mode":"IMMUTABLE","artifact_path":"wandb-client-artifact://09p6woe2pc0qhg4i2rlaw2iluv6j02fz4gabg6ejsmkr1pppy87fhfpdqnkmb3znwr3a0bzjyrxhts7qilk2pfi6yr1sjztipf0evzhuknvwnz532mbpirmaaoljnoi3/val_confusion_matrix_table.table.json","nrows":4,"_latest_artifact_path":"wandb-client-artifact://ce1bhb2xxpl85fkqgod16ulaw9b3d29a07owzho33ygivmnwxycf0swxaxh87j2qvksyi7ext8bxyvrt5ntap4yx7rks3xs1t55h8zottlw495zo962yphcemgqlplvt:latest/val_confusion_matrix_table.table.json","sha256":"78d232ef4dbacc0f4dd89005a5ee09d0ca1381dfcde3ced5509d3e1a6bd224f6","ncols":3,"_type":"table-file"},"train_f1":0.9574074074074074,"_timestamp":1.7685676452422998e+09,"train_accuracy":95.74074074074075,"_step":16,"_wandb":{"runtime":105},"val_loss":0.34319455673297244,"_runtime":105}