{"val_accuracy":87.03703703703704,"fold":0,"_timestamp":1.766067689709319e+09,"_runtime":77,"train_accuracy":95.37037037037037,"val_precision":0.8703396018969789,"val_recall":0.8703703703703703,"val_confusion_matrix_table":{"sha256":"662982b2dfeca20dc42e47c983cfe5f91a5a2a9640b1b2fae4ce537e03a36c5b","size":248,"ncols":3,"_latest_artifact_path":"wandb-client-artifact://sd2ndr2mdngqsqnvif6ulbdrb8zxpf03rm47hmve8kqom5rb9x1w3mdskvd3y0lbwuwhm3x2krmp0mgmnn2sh24yqklhzklpycknekdw3zgr9sak6ynmkz7kbku70pkm:latest/val_confusion_matrix_table.table.json","nrows":4,"_type":"table-file","path":"media/table/val_confusion_matrix_table_10_662982b2dfeca20dc42e.table.json","artifact_path":"wandb-client-artifact://lx0ov9yahb18bpxisbd35dkynh9hrdoi7kmz1pjhdugpczbybcypg70g9eol9efm8ov2urjedjlgi7ak0vy72k0qr6ph2tqyo02fbvzeeid7s3l8j6awswrbmivo5q90/val_confusion_matrix_table.table.json","log_mode":"IMMUTABLE"},"val_f1":0.870246778815128,"train_loss":0.12048624608327042,"_step":21,"train_precision":0.9537597234226447,"_wandb":{"runtime":77},"epoch":15,"val_loss":0.3994671255350113,"train_recall":0.9537037037037037,"train_f1":0.9537022747615669}