{"train_precision":0.9517625231910947,"_step":12,"val_confusion_matrix_table":{"size":248,"artifact_path":"wandb-client-artifact://slbblui924dfiwdj9i6j1lcfdmjczmty7144qnriai0u61c0t51chkkssvd3h1ahiurcq2if7az5gkk2ljt50s3frwy9xk8hcq0g2e8x55jb1yw9yrout03clcr3866r/val_confusion_matrix_table.table.json","nrows":4,"ncols":3,"_latest_artifact_path":"wandb-client-artifact://ul4dpxknme9d52yzxpr44hacl9udo5m903wmwqdl432qpydyri6ea2heyj54gxohtqvk5kd7hhcoreo67p5xv0t9n3ysvvs49extg0v408rlva3h6n21f06hk7me792t:latest/val_confusion_matrix_table.table.json","path":"media/table/val_confusion_matrix_table_2_2839e74eedce2bc14e9f.table.json","log_mode":"IMMUTABLE","sha256":"2839e74eedce2bc14e9fac8408c90b9990ec9e3fe336a46ccb44c325f032a8d8","_type":"table-file"},"epoch":12,"train_loss":0.21200798282569105,"val_recall":0.8551724137931035,"val_precision":0.8920863309352518,"val_f1":0.8732394366197183,"train_recall":0.95,"_wandb":{"runtime":111},"val_accuracy":86.66666666666667,"train_accuracy":95.0925925925926,"fold":1,"_runtime":111,"val_loss":0.6466175690293312,"train_f1":0.9508804448563485,"_timestamp":1.768378356646181e+09}