{"train_recall":0.9666666666666667,"val_f1":0.8896321070234113,"_runtime":94,"train_f1":0.9684601113172542,"val_accuracy":87.77777777777777,"val_recall":0.9172413793103448,"_step":17,"fold":0,"train_accuracy":96.85185185185185,"_wandb":{"runtime":94},"val_confusion_matrix_table":{"sha256":"04173a419230112bc1c3e745631e7e1d54582c27bd90a4d7a3c0b60d0c353a91","_type":"table-file","size":248,"artifact_path":"wandb-client-artifact://8hu4mabg7l9g0440tttxxez6j891ggbcefyye4e5zaqbo6meige1ygv7fct0fg3wk0cuhb81o9tcokydb2t4b67v5isf7dmcu1kzfd2gsne3787lrdssrdbmfqe1gw5z/val_confusion_matrix_table.table.json","path":"media/table/val_confusion_matrix_table_7_04173a419230112bc1c3.table.json","log_mode":"IMMUTABLE","ncols":3,"_latest_artifact_path":"wandb-client-artifact://rfrp2vgect4cbfc2o590v01a469nbqsamtk6j77isyr6iek3bnshir26c14cdsi6hroawitmr46k0qpdax4pcovss59ef230jcbvc77adjtovpcsh2m9a1i1du1w7gzi:latest/val_confusion_matrix_table.table.json","nrows":4},"val_precision":0.8636363636363636,"_timestamp":1.7678457737328699e+09,"epoch":17,"train_precision":0.9702602230483272,"train_loss":0.0770979430526495,"val_loss":0.4560521145661672}