{"val_f1":0.88,"_runtime":84,"fold":4,"_timestamp":1.7683742334104855e+09,"train_precision":0.9699248120300752,"train_accuracy":96.29629629629629,"epoch":15,"val_accuracy":86.66666666666667,"train_loss":0.082096685401418,"train_recall":0.9555555555555556,"val_recall":0.9103448275862069,"_step":15,"val_precision":0.8516129032258064,"val_confusion_matrix_table":{"_latest_artifact_path":"wandb-client-artifact://ntwm7lg36rktfrp1eba2o96opgtd015sbfnm379s6v5y0mkcm7ul6ibwxf7xi0mhy95yk5p87a91xqmz76b0qp07vsi9tkfv2v1xqahuu8r8q26lt29guowpm5g2xxvo:latest/val_confusion_matrix_table.table.json","sha256":"b1f38ada290688619026bbe7f366f5893749a3161f6b781b802be73c1f7974f1","nrows":4,"_type":"table-file","ncols":3,"log_mode":"IMMUTABLE","artifact_path":"wandb-client-artifact://qhq1zitegi4q5eizknknygwztn7u0ngolnyawulqse2ywjw68vq04npypfu9n26ut19u7jbsh498hwexrdv0idrwmo9schyj03nntzn0vg7qf6q4b36hemm235zpze20/val_confusion_matrix_table.table.json","size":248,"path":"media/table/val_confusion_matrix_table_5_b1f38ada290688619026.table.json"},"train_f1":0.9626865671641791,"val_loss":0.5427697499593099,"_wandb":{"runtime":84}}