{"_runtime":48,"train_accuracy":97.31481481481481,"_timestamp":1.7659022398425133e+09,"val_precision":0.8666666666666667,"train_f1":0.9731481251269934,"train_precision":0.9731497707468133,"epoch":17,"val_f1":0.8666666666666667,"val_recall":0.8666666666666667,"_step":17,"fold":0,"val_accuracy":86.66666666666667,"train_loss":0.08040020792660388,"val_loss":0.5068630129098892,"_wandb":{"runtime":48},"train_recall":0.9731481481481481}