{"_wandb":{"runtime":92},"train_f1":0.9676823638042474,"val_f1":0.9036544850498339,"_timestamp":1.7685829960543418e+09,"val_confusion_matrix_table":{"log_mode":"IMMUTABLE","size":248,"sha256":"048bfc3a9e5a3693d1e2fd92eb19a7fd75e4b692448bd2f9180278eb0c810388","path":"media/table/val_confusion_matrix_table_5_048bfc3a9e5a3693d1e2.table.json","_latest_artifact_path":"wandb-client-artifact://zs5y5tpwv4cphnacry1oinm6r7h7tob0up2yeac9pr07qgcb1guf39nm21n5ktn1kfkvewtbfsqqqduqonij9aurcd1kay1t16jfvrnpy74j32skj2qu0469pf1u1nda:latest/val_confusion_matrix_table.table.json","ncols":3,"artifact_path":"wandb-client-artifact://7z05jposwggqx89a8ixp3anbmsk2lulkqheblo01ndlsvulgojgix43rtyv0k4nlxm1rxa0xkmiewjxz7hvx8pxi0k1qzbrphmzi1k0o9qrpwj4k6e68ao6ocr9x3rhf/val_confusion_matrix_table.table.json","_type":"table-file","nrows":4},"_runtime":92,"train_recall":0.9703703703703703,"epoch":15,"val_loss":0.4424166629711787,"val_accuracy":89.25925925925925,"train_precision":0.9650092081031307,"train_loss":0.10961378480053761,"_step":15,"val_recall":0.9379310344827586,"val_precision":0.8717948717948718,"train_accuracy":96.75925925925925,"fold":2}