{"train_f1":0.9562790697674418,"_timestamp":1.7678490234813569e+09,"val_recall":0.9172413793103448,"train_precision":0.9607476635514018,"_step":17,"val_loss":0.39669174949328107,"_wandb":{"runtime":142},"train_accuracy":95.64814814814815,"val_confusion_matrix_table":{"nrows":4,"size":248,"_latest_artifact_path":"wandb-client-artifact://zc4t59mn2tli0r735zaydbo66mgbk9yf1wcgz0fn2i5s11vmjxepy8symwmvswlupa24ixb1udlmftemcunbabbdoi38y3x57qzzqcdt83nelp1usztzlu3jb8pn9gvg:latest/val_confusion_matrix_table.table.json","log_mode":"IMMUTABLE","artifact_path":"wandb-client-artifact://4wyw2w8yr9080vtm2palomhzmombtirjdx0b1lfyb94rysgh1wxhtvj715d81j8db2f25u6rbxwox0wd8cg0vqnxidbdi64gmw904d35sj778l9gb8tmtz39znu0r1rj/val_confusion_matrix_table.table.json","sha256":"b4b98c3421a86f1e88c67eb02882e8e6deb95efde6d515d764a096d445f64c5a","ncols":3,"_type":"table-file","path":"media/table/val_confusion_matrix_table_7_b4b98c3421a86f1e88c6.table.json"},"train_recall":0.9518518518518518,"_runtime":142,"val_f1":0.8956228956228957,"val_precision":0.875,"fold":3,"epoch":17,"train_loss":0.1154449147764932,"val_accuracy":88.51851851851852}