{"_timestamp":1.76838297517467e+09,"val_recall":0.896551724137931,"val_loss":1.5708711743354797,"train_loss":0.44590703127059067,"val_precision":0.87248322147651,"fold":0,"val_accuracy":87.4074074074074,"val_confusion_matrix_table":{"artifact_path":"wandb-client-artifact://vzys3jf0a0z3z3yh6o0a8f2q5zcu1rytt18nz9inspkrxq5zk8i8xvvc44tyb8olopaiz31c09i4i5hrn9h36mos8md8maops1n95tsh96v5h2omu09q07pzbkqrazvm/val_confusion_matrix_table.table.json","_latest_artifact_path":"wandb-client-artifact://30iucuwdboxzdxi6oou3frvup395obz4afzwqljybsuqhc1lal3tzx2a8n1tsdgv6a5r8b8sk7g58n15jzixui25jc94tiu1dxt0ckahazdu6s0gbjwao6rycu1jorkc:latest/val_confusion_matrix_table.table.json","path":"media/table/val_confusion_matrix_table_5_84e27d03a8ddc0e74819.table.json","sha256":"84e27d03a8ddc0e74819f21e2f566bf25858b282c24ca7f8df9595fe52e0812d","log_mode":"IMMUTABLE","_type":"table-file","nrows":4,"size":248,"ncols":3},"train_f1":0.9371534195933456,"train_accuracy":93.70370370370371,"_step":15,"epoch":15,"train_recall":0.9388888888888889,"_wandb":{"runtime":360},"_runtime":360,"val_f1":0.8843537414965986,"train_precision":0.9354243542435424}