{"train_recall":0.9592592592592593,"fold":0,"train_precision":0.9522058823529411,"val_f1":0.8771929824561403,"_step":14,"val_loss":0.7020000020662943,"_wandb":{"runtime":141},"train_loss":0.1284184533340687,"val_precision":0.8928571428571429,"epoch":14,"val_confusion_matrix_table":{"log_mode":"IMMUTABLE","_latest_artifact_path":"wandb-client-artifact://hpjyscqzlmurb2wba1tf42m3gj3ysn5ffzm4we1ljash01x76q309aqrg030b41zaq5wr0s0rhzywenwkwluyc3s6v7gnli5sks4o6itaatgn8ntnnnq56sw47wlara1:latest/val_confusion_matrix_table.table.json","nrows":4,"sha256":"262cd136c9e53c14b5515279724668a2df50338192ac023047d31d73116d66ff","artifact_path":"wandb-client-artifact://knk0idx0z85ry00fjufspwb1azty8aphoe2vovs62g9tiaefwace807xkp4lcfvow5ywsp5alge7j61g8q549xi5yb6qa77wptsa1woj0yuk3087rxz1k93oth3kkhz6/val_confusion_matrix_table.table.json","path":"media/table/val_confusion_matrix_table_4_262cd136c9e53c14b551.table.json","size":248,"ncols":3,"_type":"table-file"},"train_f1":0.955719557195572,"val_recall":0.8620689655172413,"val_accuracy":87.03703703703704,"train_accuracy":95.55555555555556,"_runtime":141,"_timestamp":1.7683782398921149e+09}