{"val_recall":0.896551724137931,"val_loss":0.5744368632634481,"val_accuracy":88.88888888888889,"train_precision":0.9595588235294118,"epoch":17,"val_confusion_matrix_table":{"path":"media/table/val_confusion_matrix_table_7_7adedef52cafb36dccf0.table.json","_type":"table-file","_latest_artifact_path":"wandb-client-artifact://g0dj0jp12g0bw38ppuv1l3ch6wrt23k492ohzoxgle2lhmy99e0cbb9pxpuvf5z2q7tkh88mzhafk1sv56e8cbf06bp421jc4any5zmg0z45ao299lj8j530xdpehojx:latest/val_confusion_matrix_table.table.json","sha256":"7adedef52cafb36dccf0e2c43da1b10c539bc34d9e46b0c16fede7b820082abb","nrows":4,"artifact_path":"wandb-client-artifact://hz8ca8w94pr4pow3xvupj6suhvjflbjmn7eep8ppghdqci9z54q1oc9p6gq2jwub2elqhf5ox4b1q3d73r0maxiinh1bg61136imxazojp7xbgiwr04w3199klq187gq/val_confusion_matrix_table.table.json","size":248,"ncols":3,"log_mode":"IMMUTABLE"},"fold":2,"val_precision":0.896551724137931,"_step":17,"_timestamp":1.7678497592492902e+09,"_wandb":{"runtime":273},"train_recall":0.9666666666666667,"train_loss":0.10832345316355879,"train_accuracy":96.29629629629629,"_runtime":273,"train_f1":0.9630996309963099,"val_f1":0.896551724137931}