{"train_loss":0.09243184463544325,"train_accuracy":96.66666666666667,"val_f1":0.8976897689768977,"val_precision":0.8607594936708861,"val_loss":0.46055148045221966,"_wandb":{"runtime":100},"epoch":20,"val_accuracy":88.51851851851852,"train_precision":0.9736842105263158,"_timestamp":1.767374111219756e+09,"val_confusion_matrix_table":{"artifact_path":"wandb-client-artifact://3o9h0op3ylebgp9a5hg6oz6yjyb0badogr70y3ks4tqsnk8dkyu80x7do6pmcr1mwih3k4t51wqn9t2ffx7jlexjzxb4v37v1mz69jh6spwrhse244lhh1dy7tdac08b/val_confusion_matrix_table.table.json","ncols":3,"size":247,"sha256":"e4dee09ad84cab1fa42bcaa7cf2c23f5f835bf18ae5458afbc98445d53b01731","_latest_artifact_path":"wandb-client-artifact://pjupn9h18c2q2sglfymvgvt6mwsr7a1clyd0y2b46wxg2im31mcm50h2cb9ifltsxw086kmo3sp05zq5g3zhwe0l9kycz5j89yb8avnce3k0j86xto92js62lvg0au3y:latest/val_confusion_matrix_table.table.json","log_mode":"IMMUTABLE","path":"media/table/val_confusion_matrix_table_10_e4dee09ad84cab1fa42b.table.json","_type":"table-file","nrows":4},"train_f1":0.9664179104477612,"fold":3,"_step":20,"_runtime":100,"train_recall":0.9592592592592593,"val_recall":0.9379310344827586}