{"val_loss":0.33587368577718735,"train_precision":0.952816599502701,"train_f1":0.9527767656199764,"val_f1":0.8624666104370236,"_step":9,"val_precision":0.8639183294355708,"train_accuracy":95.27777777777777,"epoch":9,"train_recall":0.9527777777777777,"val_recall":0.8629629629629629,"val_accuracy":86.29629629629629,"_runtime":26,"_timestamp":1.7653611774874113e+09,"_wandb":{"runtime":26},"train_loss":0.13438161547211083,"fold":2}