{"val_loss":0.2863325650493304,"train_precision":0.9742173112338858,"train_f1":0.976915974145891,"_runtime":3756,"epoch":25,"_timestamp":1.7684622248948634e+09,"val_recall":0.9310344827586207,"_wandb":{"runtime":3756},"train_recall":0.9796296296296296,"_step":25,"val_f1":0.8881578947368421,"train_loss":0.07412659664723006,"train_accuracy":97.68518518518519,"val_accuracy":87.4074074074074,"fold":3,"val_confusion_matrix_table":{"_type":"table-file","path":"media/table/val_confusion_matrix_table_15_2bc7bff358783479f06a.table.json","size":247,"ncols":3,"sha256":"2bc7bff358783479f06a162045b793a5964f3e0de28764e6a249eeaf1711e99d","nrows":4,"_latest_artifact_path":"wandb-client-artifact://orm4dbcyrqioj5spuxswgnwxpfmpscj5tnmxv3uiqzokhx441koxukvenj42xp4ojvi2a9qbcvjmuj5i4qcjiq0tjfas319aj960tcpagm3lr8y1cqg9klfwhpwpdzh6:latest/val_confusion_matrix_table.table.json","log_mode":"IMMUTABLE","artifact_path":"wandb-client-artifact://hl1xj2w9jn887lmfu24iskn2soxcseeetktnci16fjhxy44amv6qphrt7wjjmff1obdzmdg2g4ycsankq4eeok02w24soay6tyrautjxv2335jv09grnno5v0rle0jd0/val_confusion_matrix_table.table.json"},"val_precision":0.8490566037735849}