{"val_precision":0.8598726114649682,"_step":20,"val_confusion_matrix_table":{"size":246,"sha256":"c2ed1d7be59fcec7566be30de34d6f8ab2f0a1dee52ba35a3e1a047529f9aea5","nrows":4,"artifact_path":"wandb-client-artifact://lx2q722wplqa88jrxlkdoqs4sb4r6si746cvkeggx5r6h99rz11xb24o0uqn67bvgbkw8qwi315dxj39n162klxbgdus34iaqm77g6h3530c3o55em17vlv2zvixjmc0/val_confusion_matrix_table.table.json","_latest_artifact_path":"wandb-client-artifact://rf8kea7mbfdyanuo1swlogxerz43kzfnlxunvx1qk2reqlx8amgqvs20ft6nwuh67pcij8z9seteq8d6xaajqhn7d94jrrbf0qk984ocx7lqcbugwbsd95roq4whcowt:latest/val_confusion_matrix_table.table.json","ncols":3,"_type":"table-file","path":"media/table/val_confusion_matrix_table_10_c2ed1d7be59fcec7566b.table.json","log_mode":"IMMUTABLE"},"val_loss":0.4047570079565048,"val_f1":0.8940397350993378,"_runtime":102,"train_f1":0.9543336439888164,"train_accuracy":95.46296296296296,"_timestamp":1.7673728030704517e+09,"val_accuracy":88.14814814814815,"train_precision":0.9606003752345216,"fold":3,"val_recall":0.9310344827586207,"train_recall":0.9481481481481482,"_wandb":{"runtime":102},"train_loss":0.09178266979076645,"epoch":20}