{"_timestamp":1.767366407160528e+09,"epoch":15,"train_recall":0.9629629629629629,"train_f1":0.9683426443202979,"_runtime":81,"train_loss":0.09831107678738507,"_step":15,"val_loss":0.39502035081386566,"_wandb":{"runtime":81},"train_precision":0.9737827715355806,"val_recall":0.903448275862069,"val_precision":0.8506493506493507,"val_confusion_matrix_table":{"artifact_path":"wandb-client-artifact://b4owj2govqeaika5c3bpbhcdzri3rlw6t3260drr60rr0qoq7mr1fa8q585vd6t0sni12e2sd1ekqjrigyp4cqdgeryafv0ywve4f3j0pmrh2b4c7pxoion3ys70ibj9/val_confusion_matrix_table.table.json","size":248,"ncols":3,"_latest_artifact_path":"wandb-client-artifact://rq0co5mxcaogdrttfwp99jatjc4upf3xn49w39evi2v55pke9tocy4cwo5da1rr0wc6rvldebyelzrdmwt7aylkolbnu1k5p4s7um6cn25vt8cits1gx3vftl78j9sh5:latest/val_confusion_matrix_table.table.json","sha256":"6b41eb18949b90465dd0f95fd3f7ce64a84f76e9175d44a164a1b7137f5c378e","log_mode":"IMMUTABLE","_type":"table-file","nrows":4,"path":"media/table/val_confusion_matrix_table_5_6b41eb18949b90465dd0.table.json"},"fold":3,"val_accuracy":86.29629629629629,"train_accuracy":96.85185185185185,"val_f1":0.8762541806020067}