{"train_loss":0.10394809065345566,"_timestamp":1.7562785491067643e+09,"train_accuracy":96.20721554116558,"_step":39,"learning_rate":0.000625,"precision":0.8366013071895425,"f1_score":0.8677966101694915,"_runtime":149.3900603,"recall":0.9014084507042254,"confusion_matrix":{"artifact_path":"wandb-client-artifact://t66ygp96rka0t5ogkefoef8imj4w844gv7a3wdls76kpf3vpvppis92s26bclmytw2j9jq65epf1p2fsqrydldif5ahkd0dvwr616yurrih9nw9uyx6h9030n9a55v5d/confusion_matrix.table.json","_latest_artifact_path":"wandb-client-artifact://6ihc8s2yg6c5kz0jc1jfjbb26lfyaerwswu41ubme82xsir3uuj3zwy7ydau9kvzyk7fxwn75pvescivr7fspqnaswz1fjryp0kzfan9ww7hexu74o8h45wvq4ty22xq:latest/confusion_matrix.table.json","path":"media/table/confusion_matrix_38_7d430dfbe160c1e8bc15.table.json","ncols":3,"nrows":4,"_type":"table-file","sha256":"7d430dfbe160c1e8bc1581b2fedc9ef4c28481a3196346912deec12292367cef","size":105},"_wandb":{"runtime":149},"val_loss":0.391393789638053,"val_accuracy":85.60885608856088}