{"val_f1":0.8437962962962963,"train_recall":0.9611111111111111,"_runtime":46,"_wandb":{"runtime":46},"epoch":16,"fold":4,"val_precision":0.8455041296556024,"train_precision":0.9614212570863818,"train_f1":0.9611045751858165,"val_accuracy":84.44444444444444,"val_loss":0.5819521894057592,"_timestamp":1.7659024513371575e+09,"train_accuracy":96.11111111111111,"val_recall":0.8444444444444444,"_step":16,"train_loss":0.08867114638401703}