{"val_loss":0.2836483692129453,"val_f1":0.9144736842105263,"val_precision":0.8742138364779874,"train_f1":0.9408450704225352,"train_precision":0.9542857142857143,"val_confusion_matrix_table":{"_latest_artifact_path":"wandb-client-artifact://rkm74m6yklbtj143zerequ330tot6f8o8iv0a0oos8iueeph6i6d5yorta0jz5wh856rlnirdh2p0ab21sh8yc0ia592drgcdwwlaashox381y7q4ypd9seolrgiuh32:latest/val_confusion_matrix_table.table.json","size":247,"log_mode":"IMMUTABLE","artifact_path":"wandb-client-artifact://eujn5tzakgnq5x99pjyexgzn6k2qwwosaz32mp07d86lx63cqauw28w0s4uairjbzlss7jcn9v3y4sw5a3bbi1wwriwls8xqjcs68o0jmljo5x19j76jy1ixqth0pjgh/val_confusion_matrix_table.table.json","path":"media/table/val_confusion_matrix_table_38_6df72440b975cabf6b37.table.json","ncols":3,"nrows":4,"sha256":"6df72440b975cabf6b374c4e9cdcc0b0179c1907a494c3feaa4d77ca45e0f3a2","_type":"table-file"},"epoch":48,"_wandb":{"runtime":335},"_runtime":335,"_step":48,"train_recall":0.9277777777777778,"_timestamp":1.7685651883012104e+09,"train_accuracy":94.16666666666667,"train_loss":0.1505568799647418,"val_accuracy":90.37037037037037,"val_recall":0.9586206896551724,"fold":3}