{"_runtime":67,"fold":2,"val_loss":0.43835514908035594,"val_accuracy":88.88888888888889,"val_recall":0.8888888888888888,"train_loss":0.08974664886905388,"epoch":18,"val_f1":0.888425925925926,"_wandb":{"runtime":67},"_timestamp":1.765903752332458e+09,"val_precision":0.8904472494935328,"train_f1":0.9675918979744936,"train_recall":0.9675925925925926,"_step":18,"train_accuracy":96.75925925925925,"train_precision":0.9676326845580038}