{"train_loss":0.5147578873132405,"val_accuracy":58.94039735099338,"_step":2,"val_loss":0.7012714602445301,"epoch":3,"train_accuracy":74.87562189054727,"_wandb":{"runtime":40},"_timestamp":1.7480108751071503e+09,"_runtime":40.1746348}