{"val_f1":0.8958333333333334,"val_recall":0.8896551724137931,"train_accuracy":97.4074074074074,"train_recall":0.9666666666666667,"_wandb":{"runtime":105},"_step":25,"val_precision":0.9020979020979021,"fold":3,"epoch":25,"_timestamp":1.768464466959771e+09,"train_f1":0.9738805970149254,"train_precision":0.981203007518797,"_runtime":105,"val_accuracy":88.88888888888889,"train_loss":0.07980196321891113,"val_loss":0.4583742246031761,"val_confusion_matrix_table":{"ncols":3,"sha256":"86b71e0d001513e8fec415a2ae96240da47baecf6ee476ae853f4b10b7a1dda5","log_mode":"IMMUTABLE","_type":"table-file","path":"media/table/val_confusion_matrix_table_15_86b71e0d001513e8fec4.table.json","_latest_artifact_path":"wandb-client-artifact://khcsojwvs8vt2vn979fqayx5o2iz0dhzmc56026tk67hppxharkff7b4uwih6h0w7gt6xuq7hgjk2no8d7clk8i5lc19nouii7tqliw2lom297yyy52serxrcgxcayvd:latest/val_confusion_matrix_table.table.json","nrows":4,"artifact_path":"wandb-client-artifact://b9i3spwpbu5ah3s0ezvhgmegvp5t3huaynl0yf58xy4mpp8dlge95b1a6kzsohqgygpj0ghbemrn6o4zsriuctik7gubtxcqo8259mrznvb1e1ugy5awphux9639tr0n/val_confusion_matrix_table.table.json","size":248}}