{"fold":3,"train_precision":0.9793621013133208,"_wandb":{"runtime":122},"train_loss":0.08471425413154066,"val_precision":0.8363636363636363,"_runtime":122,"_step":22,"train_f1":0.972972972972973,"train_accuracy":97.31481481481481,"_timestamp":1.7673672169349484e+09,"train_recall":0.9666666666666667,"val_loss":0.44440993169943493,"val_recall":0.9517241379310345,"val_f1":0.8903225806451613,"val_accuracy":87.4074074074074,"epoch":22,"val_confusion_matrix_table":{"_latest_artifact_path":"wandb-client-artifact://rq3gt24yld3pdgujosjokqaksyfm4e3cfq3q9ytub4i3mdlr0a9g0wde20mre4vntpruagaa0e2oqnmy47d2vmh768srbus6w0k2bt45g4t3sbggbbdvrsej4y4wnw8t:latest/val_confusion_matrix_table.table.json","_type":"table-file","path":"media/table/val_confusion_matrix_table_12_c5b6ae1b1f2954286c9d.table.json","nrows":4,"size":247,"ncols":3,"log_mode":"IMMUTABLE","sha256":"c5b6ae1b1f2954286c9d75a60766fd4f3629b857de01c71ba4190cc9e7f0f777","artifact_path":"wandb-client-artifact://eovh4o26zzi5tn7s8sxk6yu57kxxcrbuy21btv9sx7y07u2cn41vhunq9jy18ab2i16kgce1t784b6cbovp5ui9w1ox66dhpllolrpg8jftm22658gin65ih1az2e1ke/val_confusion_matrix_table.table.json"}}