{"val_f1":0.89171974522293,"fold":1,"val_loss":0.41810484246040386,"val_recall":0.9655172413793104,"val_accuracy":87.4074074074074,"val_confusion_matrix_table":{"ncols":3,"_type":"table-file","sha256":"699d271e1e6b282951fd2caafd898fc125fc7bb92d32c3de61cd3e6c0e170a17","path":"media/table/val_confusion_matrix_table_10_699d271e1e6b282951fd.table.json","log_mode":"IMMUTABLE","size":248,"nrows":4,"artifact_path":"wandb-client-artifact://4y44376jyfwt11fcjpoe8sn0itlmwkulg37ew88ysuzpo4efig002et8x4ebkxdef7d4d7ok9tat899y3zbz3w5rruuf5q7qryleqmj4dkq0qwi364188cznmu6q2040/val_confusion_matrix_table.table.json","_latest_artifact_path":"wandb-client-artifact://wd5a1fty8bhgzv0oji7rjxoq4c2r7gey9bfqgrxt3g4yrpneia4r6j1uci3kpxcq8wm1c08tz6xsdarr43zyfq5p4ke8xyf5i63d0xgt3lewl4gfpknjyuy9w6s5ykdy:latest/val_confusion_matrix_table.table.json"},"val_precision":0.8284023668639053,"_wandb":{"runtime":144},"train_recall":0.9685185185185186,"_timestamp":1.7661683151308455e+09,"train_precision":0.9739292364990689,"epoch":20,"train_loss":0.07731411123478954,"_runtime":144,"train_accuracy":97.12962962962963,"_step":20,"train_f1":0.9712163416898792}