{"train_accuracy":96.01851851851852,"train_recall":0.9601851851851851,"val_loss":0.3862382769584656,"epoch":16,"val_accuracy":86.66666666666667,"_wandb":{"runtime":49},"val_recall":0.8666666666666667,"_step":16,"_runtime":49,"train_loss":0.0916588615033437,"val_f1":0.8655941008882185,"train_f1":0.9601824200754682,"train_precision":0.9603130499212743,"_timestamp":1.765902292184e+09,"val_precision":0.8707998556422968,"fold":1}