{"train_f1":0.9711627906976744,"fold":0,"train_recall":0.9666666666666667,"val_precision":0.8170731707317073,"train_accuracy":97.12962962962963,"val_recall":0.9241379310344827,"_wandb":{"runtime":83},"val_loss":0.5089962482452393,"val_f1":0.8673139158576052,"_timestamp":1.7675185600567374e+09,"epoch":17,"val_confusion_matrix_table":{"sha256":"0726e1dc2f2521dbde08de2d320f8fddacb4b7f97f2c4043cc2fc1916652f10b","size":248,"ncols":3,"_type":"table-file","nrows":4,"_latest_artifact_path":"wandb-client-artifact://95ldcvmbfbeanupuhopcj4n8pdbdodtsysqa8yevwwtj09omhx4cvk7ez6x0tww9hpb553ntol7sjqz3fogieoujtvghyd2dalbpehlxt01m6fdy835kyhmu0tvxtdd4:latest/val_confusion_matrix_table.table.json","log_mode":"IMMUTABLE","path":"media/table/val_confusion_matrix_table_7_0726e1dc2f2521dbde08.table.json","artifact_path":"wandb-client-artifact://gv0d4i7hclp1vi8yzrvfwwxjobm97y1xvjsdl5riw3yy839yqerezvpicsb4frbgk2fvrozrqzcu8tgxcgjdrem8ej29tlv9vz169wpzs80qnd8if5gcbjpicn649ofx/val_confusion_matrix_table.table.json"},"train_precision":0.9757009345794393,"train_loss":0.08200624280355194,"val_accuracy":84.81481481481481,"_step":17,"_runtime":83}