{"train_f1":0.9601835125103849,"val_loss":0.6658102149764696,"_wandb":{"runtime":58},"_step":15,"val_f1":0.855735984711565,"train_accuracy":96.01851851851852,"val_recall":0.8555555555555555,"fold":4,"epoch":15,"_runtime":58,"train_loss":0.11504942652854053,"train_precision":0.9602625269678376,"val_precision":0.8598850827111697,"val_accuracy":85.55555555555556,"train_recall":0.9601851851851851,"_timestamp":1.765901516299735e+09}