{"train_precision":0.9568480300187617,"val_recall":0.9172413793103448,"val_f1":0.8721311475409836,"_timestamp":1.768376150589173e+09,"val_accuracy":85.55555555555556,"train_recall":0.9444444444444444,"train_accuracy":95.0925925925926,"_wandb":{"runtime":90},"epoch":15,"train_loss":0.14995249403132635,"val_loss":0.48299303154150647,"_runtime":90,"val_precision":0.83125,"train_f1":0.9506057781919851,"fold":0,"val_confusion_matrix_table":{"size":248,"_latest_artifact_path":"wandb-client-artifact://fgrkoy90k47ry74arsxq0j6umfo73kavjdbzhb6nk05f1l0m12nrly2bqi7gvuwz25d3wqsea35sb1ia9v7eczy7hgvt3fans2lcwqit2m2pe3k45ecc6457cs8tll2w:latest/val_confusion_matrix_table.table.json","artifact_path":"wandb-client-artifact://bvdamarrgxqo9ry9rjmmv9wrdxilg7blnw84d9oijsh7wg26w6dkkmykfgv6lf1kjjlj2o4dv4gzt0b9lk7okfhedfa9qzqodwbqufatk5vsru5jzqk3mgpmayeqk7xj/val_confusion_matrix_table.table.json","nrows":4,"_type":"table-file","ncols":3,"path":"media/table/val_confusion_matrix_table_5_8b2c48e294e1cb31a2f4.table.json","log_mode":"IMMUTABLE","sha256":"8b2c48e294e1cb31a2f425c33319dd5a8a9e82ae52de517bbc5f8f38bba37e0c"},"_step":15}