{"_step":13,"train_f1":0.9561975768872321,"val_precision":0.8936170212765957,"val_f1":0.8811188811188811,"_runtime":89,"train_accuracy":95.64814814814815,"val_loss":0.47863062222798664,"epoch":13,"val_recall":0.8689655172413793,"_timestamp":1.767849115673647e+09,"fold":4,"train_precision":0.9624765478424016,"train_loss":0.11266068538481538,"train_recall":0.95,"val_accuracy":87.4074074074074,"val_confusion_matrix_table":{"log_mode":"IMMUTABLE","sha256":"1b8914e281fea08c113b0ab085008768272c81b3fdb4e6cd89a3513f46b912ba","size":248,"path":"media/table/val_confusion_matrix_table_3_1b8914e281fea08c113b.table.json","artifact_path":"wandb-client-artifact://eeakppcmkt56dnflhsrn5cg00nfm55yz6lprw1rlx11arpcx9veg726l2fz4m6smw384otc1c9iozdfhh6or5yktoc6litggiyxk77a6gpzltvt9pzotb1fy8ugfqavx/val_confusion_matrix_table.table.json","nrows":4,"ncols":3,"_latest_artifact_path":"wandb-client-artifact://dycc8721gr2uwkrn2rhac2vo1k5t35ejd7lsuikeicazh9nfuo4px0m56ncrrrye9zkuqr55ffyfpirzjyhyekqzc8nv019vktewatfo0kptae2mlaocpu6a4777rj07:latest/val_confusion_matrix_table.table.json","_type":"table-file"},"_wandb":{"runtime":89}}