{"val_confusion_matrix_table":{"ncols":3,"artifact_path":"wandb-client-artifact://bk8p2ochxsoj4zku94q1blgb501tw08lgk70giwdluvmjqax3r03jw4kxyxvpezagvmaif51jkvik0r3c6pzpxmck3byeytynrjhm6cisorepoc5vl8zmmqg897x4rhw/val_confusion_matrix_table.table.json","path":"media/table/val_confusion_matrix_table_3_dbc2515034034a8bd36b.table.json","nrows":4,"log_mode":"IMMUTABLE","_latest_artifact_path":"wandb-client-artifact://eqtr59c8eiw9pyqdj8f4hanwfx3jqbe2qvyiqhffl6cqy7dfqh7zw642ryzov5on5lyrwyb86ltkw13b7dd9uqtxigxbfhus9c8dcs4ktoxs6t3x026m7ncoxew3d6ib:latest/val_confusion_matrix_table.table.json","sha256":"dbc2515034034a8bd36bd40a7c1ac90eb6983dad6b5511fb4abcd345d2353a44","_type":"table-file","size":248},"val_precision":0.8843537414965986,"val_recall":0.896551724137931,"_runtime":81,"train_recall":0.9592592592592593,"val_loss":0.43914077803492546,"_step":13,"train_precision":0.9539594843462247,"_timestamp":1.7661654878453846e+09,"train_f1":0.9566020313942751,"_wandb":{"runtime":81},"train_loss":0.11077560221945698,"fold":1,"train_accuracy":95.64814814814815,"val_f1":0.8904109589041096,"epoch":13,"val_accuracy":88.14814814814815}