{"val_loss":0.32267596820990246,"val_precision":0.9295774647887324,"_runtime":85,"val_accuracy":91.48148148148148,"val_f1":0.9198606271777003,"train_loss":0.11361500172113831,"epoch":21,"train_accuracy":96.20370370370371,"fold":3,"_step":21,"_wandb":{"runtime":85},"train_f1":0.9618604651162791,"_timestamp":1.767357592509477e+09,"train_precision":0.9663551401869159,"val_recall":0.9103448275862069,"val_confusion_matrix_table":{"_latest_artifact_path":"wandb-client-artifact://k4esri2cyqlqw2inacpqa0575shia58nhx4kbhlolun0b6q74b8vhxztt4ws5pzyw973n991ol3om0ko05ci33friegp72yawoauvb5djhvzl8qa2k56xx113e1h4yj9:latest/val_confusion_matrix_table.table.json","size":248,"log_mode":"IMMUTABLE","artifact_path":"wandb-client-artifact://2h1wzx2a3ja1dm4x7o775bsaf64g0fneuv9t3chxs7aqdd6xdsfeuvw62ke3pbdvkp9asphsmm05xur99gdtrzycxp80w9gcrrv7d13xz1931pe5wpmd3t39rlbvtc3s/val_confusion_matrix_table.table.json","sha256":"7d7d003f2aa07c3c83be09fc60fc906ecc0ca6e783c1abda148ea52a2a3c0272","path":"media/table/val_confusion_matrix_table_11_7d7d003f2aa07c3c83be.table.json","ncols":3,"_type":"table-file","nrows":4},"train_recall":0.9574074074074074}