{"train_accuracy":91.01851851851852,"_wandb":{"runtime":343},"_runtime":343,"val_recall":0.8,"val_confusion_matrix_table":{"path":"media/table/val_confusion_matrix_table_2_00ad3ddc468229a05736.table.json","sha256":"00ad3ddc468229a05736733c549ad8a607ba44609723920d868266323855d1a7","_latest_artifact_path":"wandb-client-artifact://xzyb7nx3dlx9nez8usa19uzeyx3cpr1qbu83hdugn7tnp20aoq4nz6xaxadheut08oihpamjk7p8e3d6ha3d4fdh5xvw3morn8v37cj0igmar89v3wh4tun79la4jfre:latest/val_confusion_matrix_table.table.json","artifact_path":"wandb-client-artifact://uzs4s78hvizuou9d8eodxn3lcwbull3n5fm5tnk7vg87ma2ia3753i015jimp43stxbp8bu0d6iki7yjmytdo8zkn8yg4oc78aij0wtw2nhhnkuuuvfdbv7vsplt9re9/val_confusion_matrix_table.table.json","_type":"table-file","ncols":3,"log_mode":"IMMUTABLE","nrows":4,"size":248},"train_recall":0.9111111111111111,"train_loss":0.5602909563617273,"val_accuracy":84.44444444444444,"val_f1":0.8467153284671532,"epoch":12,"train_precision":0.9094269870609981,"fold":3,"_step":12,"train_f1":0.910268270120259,"val_precision":0.8992248062015504,"_timestamp":1.7683839999983866e+09,"val_loss":1.6410470729072888}