{"val_recall":0.8689655172413793,"epoch":15,"val_precision":0.863013698630137,"val_f1":0.865979381443299,"train_recall":0.9611111111111111,"train_accuracy":96.38888888888889,"val_loss":0.4918596198161443,"train_loss":0.08748454151844437,"train_f1":0.9637883008356546,"_wandb":{"runtime":84},"_runtime":84,"val_accuracy":85.55555555555556,"fold":4,"val_confusion_matrix_table":{"_type":"table-file","sha256":"37312883772d2a860fcdbaa84b514085dfc63f322b94f36e34d0ea5492656c36","artifact_path":"wandb-client-artifact://npljzhoilgv2df5w7h76fox3lzmz77lmhafb9ho5jq4qr4wtlnf7zdwmwl6tho9k1dhnrgllijw09nxetdwol9hia20p83rvzsghhhkncxyq0l36cykl29g5t7jkq58u/val_confusion_matrix_table.table.json","path":"media/table/val_confusion_matrix_table_5_37312883772d2a860fcd.table.json","nrows":4,"log_mode":"IMMUTABLE","_latest_artifact_path":"wandb-client-artifact://47u4r2dup0wlutysmzlud8zjlu00nmv73oz1du295nghdwv9snkaab82xtzwrb6symvicgzedbbf45s0flbkxjyvk3ult6wm6c35xx9jsbzf6jkfpjktedukhrvlj150:latest/val_confusion_matrix_table.table.json","size":248,"ncols":3},"_timestamp":1.7661644412813728e+09,"train_precision":0.9664804469273743,"_step":15}