{"val_precision":0.8958333333333334,"val_f1":0.8927335640138409,"val_loss":0.543725460767746,"val_confusion_matrix_table":{"sha256":"76571f5fde8e9b5f9ab3aa6da064c21450abf09a2ca1fc7a49d91f3eb555a914","size":248,"ncols":3,"nrows":4,"_type":"table-file","_latest_artifact_path":"wandb-client-artifact://mknojivzknce90yxh2m9fldxat4b71pty0g1yhuc5lklnsaf078rznljkaui5uyfng4dgld3fjvzwgel1gqt8eqcbnxznbvpu4in6pg8b5e773fbsrsa4fms5kcp7niy:latest/val_confusion_matrix_table.table.json","artifact_path":"wandb-client-artifact://vy3h177b67b1dyl75j31noffsnucbff7hipydh2r40xl4t46qf0ju2e1va3k8tahmcknpjhe3yt6yu9smb0yhbcvh8pay0d0v12vshw67x5dknmxv3gq6mfk2gmt1jkn/val_confusion_matrix_table.table.json","log_mode":"IMMUTABLE","path":"media/table/val_confusion_matrix_table_10_76571f5fde8e9b5f9ab3.table.json"},"val_accuracy":88.51851851851852,"_wandb":{"runtime":99},"train_f1":0.9721189591078067,"_step":20,"train_recall":0.9685185185185186,"train_precision":0.9757462686567164,"epoch":20,"val_recall":0.8896551724137931,"train_loss":0.1021596457470547,"_timestamp":1.7684642954328415e+09,"_runtime":99,"fold":3,"train_accuracy":97.22222222222223}