{"epoch":15,"train_f1":0.9598506069094305,"val_recall":0.9172413793103448,"val_accuracy":89.25925925925925,"train_recall":0.9518518518518518,"_step":15,"val_loss":0.4340292203917422,"val_confusion_matrix_table":{"_type":"table-file","path":"media/table/val_confusion_matrix_table_5_8abdacb43fc1c151f7dd.table.json","log_mode":"IMMUTABLE","size":247,"nrows":4,"sha256":"8abdacb43fc1c151f7dd702397113d9ed55b9273d00f144c13588d0226f595ef","_latest_artifact_path":"wandb-client-artifact://yvez6n1bezxmim72n0rqgz1z7wmbvlpjjj3ug4efhr8bvdxfmh1nily8gvholjgsg4hokiyyohwuta7j1kval20iw2365khjfp9kbuqb0pm9imuqdqo5vzwllhr1guzm:latest/val_confusion_matrix_table.table.json","ncols":3,"artifact_path":"wandb-client-artifact://thwk5qaw7at2vtqc3c3zcmu2lyp6w816yto2xure09711pgnjgvjb8f1r1csjkb6b357gze4jw2m42pgqahs2r2qk5d1taxmxag7rd0dyyl16ouf4eon648a311ffkzt/val_confusion_matrix_table.table.json"},"train_precision":0.967984934086629,"val_precision":0.8866666666666667,"train_accuracy":96.01851851851852,"train_loss":0.11264113283356313,"_runtime":147,"_timestamp":1.7685585534844956e+09,"val_f1":0.9016949152542373,"fold":1,"_wandb":{"runtime":147}}