{"_runtime":117,"_step":12,"val_accuracy":86.66666666666667,"train_f1":0.9499072356215214,"train_precision":0.9516728624535316,"train_accuracy":95,"epoch":12,"_wandb":{"runtime":117},"val_confusion_matrix_table":{"sha256":"cff467cc3911a532275e05c8d765cef81f43ef67e286e174cf4ac1aaee37e87f","artifact_path":"wandb-client-artifact://s46giprfe0zddj0chp7h0bn4d6fvr7uk33ww44dhh2dwtxei7v1776dj3r4lyhefhky88nj6i62gw1up9igjlys6ehk1dpop8uk56wpbg8ncfe4bydu2lqbbgxkdyvcw/val_confusion_matrix_table.table.json","nrows":4,"ncols":3,"path":"media/table/val_confusion_matrix_table_2_cff467cc3911a532275e.table.json","_latest_artifact_path":"wandb-client-artifact://niizblhhl9kxy0nq30tknddyzk56jij7fmkg82x52v81rtr4i7sg1cgia3wg43ob76qy5eake715yok9mpntpg9bo1w5lxersah50e5x3t6an1v0j78w9p6obdq7dtwt:latest/val_confusion_matrix_table.table.json","size":248,"log_mode":"IMMUTABLE","_type":"table-file"},"train_loss":0.13964736774902453,"_timestamp":1.768382192316886e+09,"val_precision":0.8609271523178808,"fold":4,"train_recall":0.9481481481481482,"val_loss":0.8508765970667204,"val_recall":0.896551724137931,"val_f1":0.8783783783783784}