{"val_confusion_matrix_table":{"ncols":3,"size":248,"_type":"table-file","path":"media/table/val_confusion_matrix_table_8_c448c5998e51562006c1.table.json","nrows":4,"log_mode":"IMMUTABLE","_latest_artifact_path":"wandb-client-artifact://4o2jmw5jat9h4ukzinq3ofgpmod4cyqpc9jwwai03zty61s5nrsolcbobcgogo9e0yj6m48v2ejgk0sfkqi7kxhbd58milhuo6u08cpzcwhiix3bsf263h1hbrjo9t7z:latest/val_confusion_matrix_table.table.json","artifact_path":"wandb-client-artifact://lllbqph9i16qb7f8fbyiue4y2317ilwofrsne3xozrkz9sqpjc7o487ynp9ncum6w3net0lyvjbo6uhzgcc6no3ek3kwvh3qxtiwl62lih6fzxxf9q087i3uogaqzmbv/val_confusion_matrix_table.table.json","sha256":"c448c5998e51562006c153f5e7b44e4a0e0898d41dd479086cdd458fe144daaf"},"fold":2,"_timestamp":1.7685884410984874e+09,"train_recall":0.9685185185185186,"_runtime":101,"epoch":18,"val_recall":0.896551724137931,"_step":18,"val_precision":0.9154929577464789,"train_f1":0.960514233241506,"val_accuracy":90,"train_precision":0.9526411657559198,"train_accuracy":96.01851851851852,"train_loss":0.12737447954714298,"_wandb":{"runtime":101},"val_f1":0.9059233449477352,"val_loss":0.405884991089503}