{"val_accuracy":87.03703703703704,"fold":0,"train_loss":0.16184058429842646,"val_loss":0.44078631450732547,"val_recall":0.8703703703703703,"train_precision":0.9410371854881882,"train_f1":0.94073078123553,"val_f1":0.870146175230921,"val_precision":0.8705246913580248,"_step":9,"epoch":9,"_wandb":{"runtime":27},"train_accuracy":94.07407407407408,"train_recall":0.9407407407407408,"_timestamp":1.7653611171126823e+09,"_runtime":27}