{"train_accuracy":97.4074074074074,"_runtime":6156,"val_recall":0.9655172413793104,"val_f1":0.9120521172638436,"val_loss":0.2737009460106492,"epoch":36,"fold":1,"val_precision":0.8641975308641975,"val_accuracy":90,"train_loss":0.08126193022524769,"_wandb":{"runtime":6156},"_timestamp":1.768406846270882e+09,"_step":36,"train_recall":0.9666666666666667,"train_precision":0.981203007518797,"val_confusion_matrix_table":{"nrows":4,"log_mode":"IMMUTABLE","size":248,"ncols":3,"artifact_path":"wandb-client-artifact://znlz80s0x6ce6pzmg0m1e7uv6c3922hvbc6gow7nwtiob4c7qo5yxh17qi8rb23dzapa7kdlk6tcneiih8ml864yuo7mhrrqcywmacss3u8ifuzbrftpokvg0uo6a71w/val_confusion_matrix_table.table.json","_type":"table-file","path":"media/table/val_confusion_matrix_table_26_2bb5156831f8178024c7.table.json","_latest_artifact_path":"wandb-client-artifact://lwa23gptpj8y0mosqes1us2qt1yamkc0nl90rmkf2w9usqo31wviqd69ow301lgnk76nqmci1nyxfbq1szqsz9a3658a5db487ypdqkkc0jdjbmyqps64hdn2tdsee5j:latest/val_confusion_matrix_table.table.json","sha256":"2bb5156831f8178024c73595f6d261a9a101e7c26faeda9e4142b1b63fc73e16"},"train_f1":0.9738805970149254}