{"val_accuracy":90.37037037037037,"val_confusion_matrix_table":{"log_mode":"IMMUTABLE","sha256":"8ac3dbf8f0aa5dac17efa53fed2e928861483bb42cbce8aa7daf20c680694570","_latest_artifact_path":"wandb-client-artifact://0uektinn50ajcbs2d1gpmspu32kxftw287z4sywrsfhdn4xbxfbc246dlzi6r8lht30li26yuj1w9zicnfa6pelmcwpp4kxqtbmm3xdpavu7c5a5l8j8g9xrnrc4ymk7:latest/val_confusion_matrix_table.table.json","nrows":4,"_type":"table-file","size":247,"path":"media/table/val_confusion_matrix_table_12_8ac3dbf8f0aa5dac17ef.table.json","artifact_path":"wandb-client-artifact://y4hlbalo4a5qtpbikcimeh6dzvgpt3ktfoz06ddyc8n023hl0hm1cjnuucd1l5gpfne9rpbt1w4dfqf7yg0072t4q799kp4ezsj8omzx53mt924kmbwqwi5kxjo34qu9/val_confusion_matrix_table.table.json","ncols":3},"val_f1":0.9150326797385621,"val_loss":0.3169070538133383,"_runtime":125,"train_accuracy":95.55555555555556,"val_recall":0.9655172413793104,"epoch":22,"train_loss":0.12456485531716184,"val_precision":0.8695652173913043,"fold":3,"train_recall":0.9481481481481482,"_timestamp":1.7683765210131917e+09,"train_precision":0.9624060150375939,"_wandb":{"runtime":125},"train_f1":0.9552238805970149,"_step":22}