{"train_f1":0.9684014869888475,"_wandb":{"runtime":99},"_timestamp":1.7683738509863846e+09,"val_recall":0.9241379310344827,"train_recall":0.9648148148148148,"train_accuracy":96.85185185185185,"_runtime":99,"train_precision":0.9720149253731343,"epoch":16,"val_f1":0.8844884488448845,"val_confusion_matrix_table":{"path":"media/table/val_confusion_matrix_table_6_46ceb78eace1e663160a.table.json","log_mode":"IMMUTABLE","_type":"table-file","size":248,"nrows":4,"_latest_artifact_path":"wandb-client-artifact://qe3ffc8y109sazdc3e0kw2e81k6nrnhedyfbu6tl0mddl42jsceiens07tdbutrbhb5xqr28yd096in3hpmim1mkot5ov8u6a3gj5ihen3bab71v0pkdryja5ly57720:latest/val_confusion_matrix_table.table.json","ncols":3,"artifact_path":"wandb-client-artifact://n1fxv2s5fdizqm357838w9juidogas3fyn09bilws775akkr9v2nyv1yl0ofegzg95cko1xtkzi3pop0a45wwopb5b6ougyunmoo3jgjuzf5reiryhmtyt6popgdv8uq/val_confusion_matrix_table.table.json","sha256":"46ceb78eace1e663160a465af725122fcd9ecb2711cb28e7ccd9862eb53f7892"},"val_loss":0.43758751700321835,"val_precision":0.8481012658227848,"val_accuracy":87.03703703703704,"_step":16,"train_loss":0.07512790540402586,"fold":0}