{"val_accuracy":86.66666666666667,"train_accuracy":96.85185185185185,"val_f1":0.8791946308724832,"_wandb":{"runtime":114},"train_precision":0.9720149253731343,"_runtime":114,"val_confusion_matrix_table":{"path":"media/table/val_confusion_matrix_table_7_81669b060bc1368413e0.table.json","ncols":3,"nrows":4,"_latest_artifact_path":"wandb-client-artifact://rzmd4set0w3tug9556347oh8vi3mm3gvhmna6nthxet96x5w4d99g23c9cug84z04hdaiuyz5s1bclgdkoldkj5t76jiub5pmksz1n2dqko3qedy9eo2eaibc4i1kq5a:latest/val_confusion_matrix_table.table.json","sha256":"81669b060bc1368413e0d7e4cecbdac3af65dce74b60340f5e785d740c17db23","_type":"table-file","log_mode":"IMMUTABLE","artifact_path":"wandb-client-artifact://f1xnnt8cn0ssghq1keode35ryi7hr4b35xd3cb6fn8ym6v7xbqd4u5vh50z3iqnw4imo0r7nfakwab6d1cltwp33xsau917akael8qfwpp0v9b78org4jjef9r4xykly/val_confusion_matrix_table.table.json","size":248},"fold":2,"val_precision":0.8562091503267973,"train_recall":0.9648148148148148,"val_recall":0.903448275862069,"epoch":17,"val_loss":0.49468465397755307,"train_f1":0.9684014869888475,"train_loss":0.09085701016539877,"_step":17,"_timestamp":1.7685862562696269e+09}