{"train_f1":0.9640552995391705,"_wandb":{"runtime":88},"_timestamp":1.768374729217057e+09,"train_recall":0.9685185185185186,"train_loss":0.10389157376167449,"val_precision":0.8741721854304636,"val_f1":0.8918918918918919,"_runtime":88,"val_confusion_matrix_table":{"_type":"table-file","nrows":4,"sha256":"0726e1dc2f2521dbde08de2d320f8fddacb4b7f97f2c4043cc2fc1916652f10b","artifact_path":"wandb-client-artifact://tl959aqfio2mzklper8pjoy18v2j0kxsh2jspw7bh8eed18zyzfkw85l4hy2edhg5kt3dinvz689z85995l2lcm4iuv9szm4tviiqyaimgu4y9n3hjt1dchy4jkz9sot/val_confusion_matrix_table.table.json","log_mode":"IMMUTABLE","_latest_artifact_path":"wandb-client-artifact://5f5u1rog2isycsal6wo0hvwf9jawjyq26e0ggtq0s8kqcbtddzjj5rweuip1l13z9lwlrtt15xqjen59x7pbreh39ahhe90ig196mvaqb8l4n8922ch8yj5vbjxd6wnq:latest/val_confusion_matrix_table.table.json","ncols":3,"path":"media/table/val_confusion_matrix_table_4_0726e1dc2f2521dbde08.table.json","size":248},"fold":2,"_step":14,"train_accuracy":96.38888888888889,"val_recall":0.9103448275862069,"train_precision":0.9596330275229358,"val_loss":0.5136325607697169,"epoch":14,"val_accuracy":88.14814814814815}