{"train_f1":0.9691300280636108,"val_recall":0.9241379310344827,"val_f1":0.9054054054054054,"train_accuracy":96.94444444444444,"_timestamp":1.7674483786512592e+09,"fold":2,"val_precision":0.8874172185430463,"epoch":25,"val_accuracy":89.62962962962963,"train_recall":0.9592592592592593,"train_loss":0.09362018565562638,"_step":25,"val_confusion_matrix_table":{"log_mode":"IMMUTABLE","nrows":4,"_latest_artifact_path":"wandb-client-artifact://k5ca6n373f1fok2xfalhljtolztzf1zofkk4j8pldxot1r7wwhn4s1t01k0x9xgohuqly71g93i12kvm4sicw0nzqa9vw8k20o5o05haa32l9yezgm5vv1yw6jc79fez:latest/val_confusion_matrix_table.table.json","_type":"table-file","path":"media/table/val_confusion_matrix_table_15_86b71e0d001513e8fec4.table.json","artifact_path":"wandb-client-artifact://dpjwoxf9x60airu6i6wkdepex1hd6olq95twy4tsj7ubg6zlmnoahe65g9p7ewhewrlv1skyjyh6b7d83jqm6t60n75e0cb889fok77gpqb1v4pttjf25ehlh9k5cku2/val_confusion_matrix_table.table.json","ncols":3,"sha256":"86b71e0d001513e8fec415a2ae96240da47baecf6ee476ae853f4b10b7a1dda5","size":248},"val_loss":0.3894852201143901,"_runtime":115,"_wandb":{"runtime":115},"train_precision":0.9792060491493384}