{"train_recall":0.9648148148148148,"_step":18,"train_f1":0.9684014869888475,"epoch":18,"train_precision":0.9720149253731343,"fold":1,"val_f1":0.9152542372881356,"train_loss":0.08419513660059734,"val_confusion_matrix_table":{"sha256":"c448c5998e51562006c153f5e7b44e4a0e0898d41dd479086cdd458fe144daaf","ncols":3,"nrows":4,"path":"media/table/val_confusion_matrix_table_8_c448c5998e51562006c1.table.json","_type":"table-file","artifact_path":"wandb-client-artifact://rvb87g89c31p70zbiok7hpwmtqlyxol1jd8j22xqciv6fnz8mvyfwlpprr5p3hycvb3fc4i18w5f3q83tvg3kascsvi0llkp1n0v6fpb7fugrunr859q2ynllzwe390v/val_confusion_matrix_table.table.json","_latest_artifact_path":"wandb-client-artifact://zn37suda7l17tv49sdlujy4nfjbhnvw7sa6l3moy773gjr9h1jh0e15e85lozeky2emr6ancug7pq158h9c358s6q6ufu8wc5zjlp5bm3bhwtoaj2wcf76mj5wkbzy9z:latest/val_confusion_matrix_table.table.json","log_mode":"IMMUTABLE","size":248},"val_loss":0.31859285741423565,"val_accuracy":90.74074074074075,"_wandb":{"runtime":105},"val_recall":0.9310344827586207,"train_accuracy":96.85185185185185,"_runtime":105,"_timestamp":1.7685861372505045e+09,"val_precision":0.9}