{"epoch":15,"val_recall":0.8551724137931035,"train_f1":0.9573283858998145,"train_precision":0.9591078066914498,"train_accuracy":95.74074074074075,"train_loss":0.13052992585157466,"val_confusion_matrix_table":{"nrows":4,"size":248,"path":"media/table/val_confusion_matrix_table_5_8d83eec0b87a86aa4235.table.json","_latest_artifact_path":"wandb-client-artifact://g1lcnw4t2s5jt97cplxcd8kp4nazbixjc1drxu816ol6oc5fiv61ck47lipv7qal8d54w6c0253vcpgs0hegt6lykocwkfj5g3e07kvzsyxmkdsw5w3iztt9tk23qqrs:latest/val_confusion_matrix_table.table.json","_type":"table-file","sha256":"8d83eec0b87a86aa4235e439d3631fbaf966ca42d94de14af0fcd0817badd32e","log_mode":"IMMUTABLE","ncols":3,"artifact_path":"wandb-client-artifact://imn1xcmxab0uksuws0bn4559zu7wox7jb7oudh6wvn58jxfffbd3mswykvlasrai274unpqttd48hsrynjtdjy72wartdt2c0z7a9ruw7d4j3cf4qhftr0rrba3klzdx/val_confusion_matrix_table.table.json"},"_wandb":{"runtime":114},"train_recall":0.9555555555555556,"val_f1":0.8888888888888888,"val_accuracy":88.51851851851852,"val_loss":0.4835687560791319,"_timestamp":1.7685588033076816e+09,"_step":15,"val_precision":0.9253731343283582,"fold":3,"_runtime":114}