{"_wandb":{"runtime":82},"_timestamp":1.7675188441440127e+09,"train_loss":0.0859904285858978,"epoch":18,"val_confusion_matrix_table":{"_latest_artifact_path":"wandb-client-artifact://1cxbl7am17tilleqnqssdgaezaoum33dbb2gxadg1ay28h0rbwccqwj7kqj9o7jjyoexe995gl7sxc3r0x2k5hupf2z1kw4c9p5a8wiuko5hn7yva0mwxw31v56vuvbu:latest/val_confusion_matrix_table.table.json","_type":"table-file","nrows":4,"ncols":3,"log_mode":"IMMUTABLE","path":"media/table/val_confusion_matrix_table_8_5987cd6e44145ed91fe7.table.json","size":248,"sha256":"5987cd6e44145ed91fe759625af45dbe9ba746d2894f6e614c5acc9a0a84bf84","artifact_path":"wandb-client-artifact://slvpiozuse7exxkv9z9xgcysbgy33gi2z5a1beb8uvehr41ttobwadilo30wpfq4ycyu0nrofk3hgru6vg57l9puo6la3kq7ec2lhealgwb27q3s18vj8jpff6qnvozm/val_confusion_matrix_table.table.json"},"train_precision":0.9720670391061452,"val_f1":0.8972602739726028,"_runtime":82,"val_accuracy":88.88888888888889,"val_precision":0.891156462585034,"train_accuracy":96.94444444444444,"val_recall":0.903448275862069,"val_loss":0.3511605461438497,"train_recall":0.9666666666666667,"fold":3,"train_f1":0.9693593314763231,"_step":18}