{"_timestamp":1.7685856349691103e+09,"train_loss":0.10584968387741935,"val_recall":0.9241379310344827,"_step":21,"fold":3,"val_f1":0.881578947368421,"train_f1":0.9653882132834425,"train_accuracy":96.57407407407408,"val_precision":0.8427672955974843,"epoch":21,"val_confusion_matrix_table":{"sha256":"8e3ce63fa059f8627e664f500eb64cf01ea1d5657a4cccfeb93f2f1ec3c3ca8f","log_mode":"IMMUTABLE","_latest_artifact_path":"wandb-client-artifact://fq67j2zclhqgfgqxzwdxsraymgsyge6n506srul15mtlhvtvwkah9bdnbgkg8a67cperrn6xkg35j3y85o0zqitqgfb46h89ijjpxyign5ssk56cen96120g51yfwdoy:latest/val_confusion_matrix_table.table.json","path":"media/table/val_confusion_matrix_table_11_8e3ce63fa059f8627e66.table.json","_type":"table-file","artifact_path":"wandb-client-artifact://6gsw680p65jftosrvb21zs3lw6vkd99cjppff410mf8n2t3j219a05xjl6outkr45exm2u6isy5v8oxbbmqcnvezaay7p2hul3za7cb9opydwsyevo0upgsrcdfvh8n3/val_confusion_matrix_table.table.json","size":248,"nrows":4,"ncols":3},"_wandb":{"runtime":129},"_runtime":129,"val_loss":0.5275897160172462,"train_precision":0.9754253308128544,"train_recall":0.9555555555555556,"val_accuracy":86.66666666666667}