{"_step":57,"val_f1":0.891156462585034,"_timestamp":1.7685648508510113e+09,"val_precision":0.8791946308724832,"val_loss":0.282240388294061,"epoch":57,"train_f1":0.9554730983302412,"val_recall":0.903448275862069,"val_confusion_matrix_table":{"artifact_path":"wandb-client-artifact://r370ef6la0bnx0t18w5iu2fqn5791a5bzn16abskzkf30pm5u8c6w7khr2jfs5h4upen9hu4y10cf5u4m64dkrauif91rnwmnwvob6vmi951cjscd1y4wbep7vuhphxi/val_confusion_matrix_table.table.json","log_mode":"IMMUTABLE","_latest_artifact_path":"wandb-client-artifact://6z5sttogi5p4togw0cqcjz9ov8b34yf9kd7wzmqc7040d2kn180nrrjhcixd3em5cp26i0kg7oyu3m3zrn2h7d5ej08m8v53f61uhh3oh6a9dvutcq9lvegtdedn1inh:latest/val_confusion_matrix_table.table.json","size":247,"nrows":4,"ncols":3,"_type":"table-file","sha256":"c038ace87ae4dc9424bf20d1ed97d699518f946c37fff84ab79ffc9243a721dc","path":"media/table/val_confusion_matrix_table_47_c038ace87ae4dc9424bf.table.json"},"fold":2,"_runtime":380,"train_accuracy":95.55555555555556,"train_loss":0.12082339179786769,"val_accuracy":88.14814814814815,"train_precision":0.9572490706319703,"train_recall":0.9537037037037037,"_wandb":{"runtime":380}}