{"train_recall":0.9555555555555556,"_step":18,"train_loss":0.12267859161577442,"val_recall":0.9379310344827586,"_timestamp":1.7685825349102702e+09,"epoch":18,"val_loss":0.30293072015047073,"_runtime":99,"fold":3,"_wandb":{"runtime":99},"train_precision":0.9608938547486033,"train_f1":0.958217270194986,"val_accuracy":89.25925925925925,"val_f1":0.9036544850498339,"val_precision":0.8717948717948718,"train_accuracy":95.83333333333333,"val_confusion_matrix_table":{"nrows":4,"log_mode":"IMMUTABLE","_type":"table-file","artifact_path":"wandb-client-artifact://ecrqviyzucstr9vp3ftzxyhyofqj5zwh7s3sd8tf2q7b1u5ivndhrllinu8wqpmb24c2lxx0i45c8gk0zmtc6p5m27mx763u0a23ak83o3wc1t3kmh598xpby2710170/val_confusion_matrix_table.table.json","sha256":"3a6564188b4487e01d71710154ca7a1019d269edc85ce6c5ab7d663549a41b85","path":"media/table/val_confusion_matrix_table_8_3a6564188b4487e01d71.table.json","ncols":3,"_latest_artifact_path":"wandb-client-artifact://etuxwqo8yf6r5vwmhq9i1dz8j78a7i9ftqti8t2cqmek919r7cz3tfbxs5rcd45v02nzga8ni23fb758okb6bqgtbw1q92ju1ihcx3eo60kzu4upa2xw6egquc86k7jp:latest/val_confusion_matrix_table.table.json","size":248}}