{"val_loss":0.42742584894100827,"val_accuracy":90,"train_f1":0.951849209833187,"fold":3,"_wandb":{"runtime":64},"train_recall":0.9518518518518518,"val_precision":0.9030854430379748,"_runtime":64,"_timestamp":1.76590270291911e+09,"val_f1":0.8994025984876969,"train_accuracy":95.18518518518519,"epoch":17,"train_precision":0.9519510454969541,"_step":17,"train_loss":0.1323228179561821,"val_recall":0.9}