{"_wandb":{"runtime":73},"_runtime":73,"train_loss":0.11441946939819238,"train_accuracy":95.64814814814815,"fold":4,"val_loss":0.5924568970998129,"val_f1":0.8788927335640139,"val_recall":0.8758620689655172,"train_recall":0.9518518518518518,"val_precision":0.8819444444444444,"epoch":12,"train_f1":0.9562790697674418,"train_precision":0.9607476635514018,"_timestamp":1.7661657407713535e+09,"val_confusion_matrix_table":{"_type":"table-file","path":"media/table/val_confusion_matrix_table_2_a3de5dca6e2fde276c09.table.json","_latest_artifact_path":"wandb-client-artifact://eq48bsaji64o30w4yn4ei9m9c3jgo97t7vloif0cz207yqj1sq90gg7vopcrja9as3xc778j1wvs8rk3dvhxj5akz6yf8moxk23p45zswe6ywh7zv2pp3zv7zfdjkw9o:latest/val_confusion_matrix_table.table.json","nrows":4,"ncols":3,"size":248,"sha256":"a3de5dca6e2fde276c09ab26b12282e45fc0d8465486aab7271d769b95ce358a","log_mode":"IMMUTABLE","artifact_path":"wandb-client-artifact://ipwyn9ukfz5unmg55g6chvhlr7yxyb881ocbl2wwia0gphz6s14fjaxbqvp2al9vlsj7rt72kig5df1fars6411ebb76381khnh9rlewoytk2k48v46b6rz4xenr3bzg/val_confusion_matrix_table.table.json"},"val_accuracy":87.03703703703704,"_step":12}