{"val_precision":0.8758169934640523,"train_recall":0.9574074074074074,"_wandb":{"runtime":82},"train_loss":0.10872009904547171,"val_recall":0.9241379310344827,"_timestamp":1.7684629524286988e+09,"val_accuracy":88.88888888888889,"val_confusion_matrix_table":{"size":248,"_type":"table-file","artifact_path":"wandb-client-artifact://gjijcss2jfomrwbqkpvfnl34cwknjg5tttoo7zw8hxoilbmu3w0s3yfysnxmvnm6l97qz0nqptsu762peb2kip8qm413hxgn62p2v0ens2tq7sekw0vol9cw0n63lpiq/val_confusion_matrix_table.table.json","_latest_artifact_path":"wandb-client-artifact://5kapev4ykyydezue669l75osn00hx9mzwnbd9l4c9rt7jqu6j6bwolqfk99nn45ke0mfcr91dyimszedhv04blve8tlg6u8auhj3hxqebllveq91mq4l0jxjdydgaqpa:latest/val_confusion_matrix_table.table.json","path":"media/table/val_confusion_matrix_table_7_13d25aaed97f03bdaec1.table.json","sha256":"13d25aaed97f03bdaec192964964206e57656544d916794e277a3c705ea27810","ncols":3,"log_mode":"IMMUTABLE","nrows":4},"fold":3,"val_loss":0.37873134513696033,"_runtime":82,"train_f1":0.9681647940074907,"_step":17,"train_accuracy":96.85185185185185,"train_precision":0.9791666666666666,"val_f1":0.8993288590604027,"epoch":17}