{"val_loss":0.44557318091392517,"val_confusion_matrix_table":{"_latest_artifact_path":"wandb-client-artifact://y47d3n8c712uc3664yz1y49sh4gjf5sp8shnha7j0xen0twn9kgwuxrqz8h7dlpy8julpj3e40jf2flvwjg6zt5mdtmfqaacnjh36rep2la24z0bzlof7uymrlpax753:latest/val_confusion_matrix_table.table.json","ncols":3,"size":248,"_type":"table-file","artifact_path":"wandb-client-artifact://u15yji88yea2jtywynemq1w6txcnbctybtpbuq0exkx5mdd7mn9c9g4ey0t9h1geu1yswfcuu6c0s9wffjjv67yv6i3o3okv3ot3txk9ucq0h7kxduca7gq7d2d1osvo/val_confusion_matrix_table.table.json","path":"media/table/val_confusion_matrix_table_6_00ad3ddc468229a05736.table.json","nrows":4,"log_mode":"IMMUTABLE","sha256":"00ad3ddc468229a05736733c549ad8a607ba44609723920d868266323855d1a7"},"epoch":16,"_wandb":{"runtime":105},"_timestamp":1.7678480865321743e+09,"_step":16,"train_f1":0.96171802054155,"val_precision":0.8783783783783784,"_runtime":105,"train_precision":0.9698681732580038,"train_recall":0.9537037037037037,"fold":0,"train_accuracy":96.20370370370371,"val_f1":0.8873720136518771,"val_accuracy":87.77777777777777,"val_recall":0.896551724137931,"train_loss":0.10132154178890315}