{"train_loss":0.5066684054380114,"_wandb":{"runtime":323},"train_recall":0.9296296296296296,"val_recall":0.8827586206896552,"_step":12,"_timestamp":1.7683843310181468e+09,"epoch":12,"val_loss":2.820375700791677,"val_confusion_matrix_table":{"sha256":"a8144b175a2bdd2356125b8ab9dd87becdd772590d02fe0094f74edf897731f7","artifact_path":"wandb-client-artifact://vjv31ys6af2sw7votg20m5ismh50hzqoql18d89npg95wsrmxmfsm4ow2mugi8cqd65kekfvj7bhpgs3avfjkvfu9y07bdqfgyw160pcrx71n8rm0unmneaf7h6dwi29/val_confusion_matrix_table.table.json","nrows":4,"path":"media/table/val_confusion_matrix_table_2_a8144b175a2bdd235612.table.json","_latest_artifact_path":"wandb-client-artifact://6huzw5adjqbvb52u04u727cf4iv5ipah7derifepo5o8rwqetejjnqrr4jpz5xf0bw8hr42pllazz3d04g0dlqsnjwnt9dxtgb4vp6tbjwn1gteyxbohzbfoljsas11l:latest/val_confusion_matrix_table.table.json","size":247,"_type":"table-file","ncols":3,"log_mode":"IMMUTABLE"},"fold":4,"train_precision":0.9365671641791045,"val_f1":0.8677966101694915,"train_accuracy":93.33333333333333,"train_f1":0.9330855018587361,"_runtime":323,"val_accuracy":85.55555555555556,"val_precision":0.8533333333333334}