{"train_precision":0.9444444444444444,"val_precision":0.9090909090909091,"val_confusion_matrix_table":{"ncols":3,"nrows":4,"artifact_path":"wandb-client-artifact://6guhsr07dzbkyvvaigkucywj0h74gpk38t92pufiulo1a3ajvgpp9qsluy9tsqlikl7tpf5e5mxlkwlt7wouzzz9vitmp1fy3iuihg0l354iqfiwkw7srxb2pd7cxi8h/val_confusion_matrix_table.table.json","sha256":"448747792094b2d5b362003e4343b0762746e2da8da074ce1d2ea01569f59b9c","path":"media/table/val_confusion_matrix_table_4_448747792094b2d5b362.table.json","_type":"table-file","_latest_artifact_path":"wandb-client-artifact://krdh8kay5o7bbd4nt1s5j2q02ybcl41wtqbhsjvyamfsnd88goovedpdjr628fkf3ih6ro03anhea0wm9uv08sdsvs0d2p1f914481svvfy589h8bztmqamttsuvvwou:latest/val_confusion_matrix_table.table.json","size":248,"log_mode":"IMMUTABLE"},"_runtime":66,"val_f1":0.9027777777777778,"epoch":14,"fold":3,"_step":14,"_timestamp":1.7673642307425468e+09,"val_recall":0.896551724137931,"train_accuracy":92.96296296296296,"_wandb":{"runtime":66},"train_loss":0.301507310772484,"val_loss":0.9885482080280781,"train_recall":0.912962962962963,"val_accuracy":89.62962962962963,"train_f1":0.928436911487759}