{"val_precision":0.8695652173913043,"val_confusion_matrix_table":{"size":248,"_type":"table-file","ncols":3,"nrows":4,"artifact_path":"wandb-client-artifact://fz7l70c7izlwrdt4hobybpf5a9lw88tqex8k7d8ku1ozoza33d2in9z1w8vdgm53853abyum9144k9p3vo63p8lp6pn36bv4ueynifaty3srs5jsoiwsq7oxlxlsj11m/val_confusion_matrix_table.table.json","sha256":"4b5f28bb0b3aba7e75cdeba81723727d33c8af1b6ae23d292fd23c8fd13771ba","log_mode":"IMMUTABLE","path":"media/table/val_confusion_matrix_table_6_4b5f28bb0b3aba7e75cd.table.json","_latest_artifact_path":"wandb-client-artifact://ry279z0x46lwqkz32kd32lpwbgdh22mnl4v0kbgvh7011vmkm0e1ywhhylxa0lmu0pm6pwuuupsgnfa3jo7jguqugbzu4xuqr93geoh3wmqxj8cuv5dl3o85gn41d1d0:latest/val_confusion_matrix_table.table.json"},"_timestamp":1.7685675374763198e+09,"train_recall":0.9555555555555556,"val_f1":0.9150326797385621,"_step":16,"fold":1,"val_recall":0.9655172413793104,"epoch":16,"train_loss":0.09357684118334543,"_wandb":{"runtime":98},"_runtime":98,"train_precision":0.9791271347248577,"train_accuracy":96.75925925925925,"val_accuracy":90.37037037037037,"val_loss":0.3701986853654186,"train_f1":0.9671977507029054}