{"_timestamp":1.7659010009467664e+09,"_wandb":{"runtime":40},"train_recall":0.9611111111111111,"val_f1":0.8368207264839087,"val_loss":0.5154238045215607,"_step":14,"val_recall":0.837037037037037,"train_accuracy":96.11111111111111,"_runtime":40,"epoch":14,"val_accuracy":83.70370370370371,"fold":0,"train_precision":0.9614212570863818,"train_loss":0.09878124834292314,"val_precision":0.8369745862119261,"train_f1":0.9611045751858165}