{"_step":14,"train_precision":0.9680451127819549,"val_loss":0.6756506090362867,"val_f1":0.872852233676976,"train_f1":0.960820895522388,"val_precision":0.8698630136986302,"fold":4,"epoch":14,"val_accuracy":86.29629629629629,"_wandb":{"runtime":86},"_timestamp":1.7683749278267665e+09,"train_recall":0.9537037037037037,"train_loss":0.0977192957970229,"val_confusion_matrix_table":{"artifact_path":"wandb-client-artifact://8o590vjhmes3qraa31l4r87r88fr67g9yvxzofi9jzcdg6svehpgx4r076oed5etds2imqmxzvskvakb4gx36qbk39b259dr6lm901a61acx8qhqzude42po7ljttpmz/val_confusion_matrix_table.table.json","sha256":"d7b2f18226fe367f955c895d73ecaae18fe3a199ba245cc1735af675550a8353","ncols":3,"size":248,"_type":"table-file","_latest_artifact_path":"wandb-client-artifact://isiveol1jvcdgg4twx83369mdipyf99ngc526tcqhouk0t9iepbtb0ks1e1tlzaebjpfegv9yr86pg2kuusxacg76a7thf941b5u4dltbpgiqguu1h06st64rdmwsn2f:latest/val_confusion_matrix_table.table.json","path":"media/table/val_confusion_matrix_table_4_d7b2f18226fe367f955c.table.json","log_mode":"IMMUTABLE","nrows":4},"train_accuracy":96.11111111111111,"_runtime":86,"val_recall":0.8758620689655172}