{"train_loss":0.17878149399025875,"train_recall":0.9574074074074074,"val_f1":0.9014084507042254,"_runtime":148,"_step":14,"train_accuracy":95.46296296296296,"_timestamp":1.7661666140019557e+09,"epoch":14,"_wandb":{"runtime":148},"val_accuracy":89.62962962962963,"train_f1":0.9547553093259464,"train_precision":0.9521178637200737,"val_confusion_matrix_table":{"ncols":3,"size":247,"_type":"table-file","path":"media/table/val_confusion_matrix_table_4_d9a51fbec135499d517e.table.json","nrows":4,"_latest_artifact_path":"wandb-client-artifact://fj5iwky27bz4ypfsmgp5u8k9ewb9ksxqomiuryxgl3xpfm95roa1csh52e68angj3z5yt4nldql80gadi1ujgrn6k8ohgtzojgq32cakw3j02fmbvsv33rdtadz468cn:latest/val_confusion_matrix_table.table.json","log_mode":"IMMUTABLE","artifact_path":"wandb-client-artifact://n7ho1qw0p3l409nsr1apu1xnuug21c4a6z63noydt7e66aavj1rs8p5h21ji5yrjs82vsqui618m7kwitsmekjl2wzfgz8qe545890xo5kful0j2zwctx0men0hqbcey/val_confusion_matrix_table.table.json","sha256":"d9a51fbec135499d517ef7b24e28181bb4c7195bef4c2e77b10dd2aad3ec21c6"},"fold":2,"val_precision":0.920863309352518,"val_loss":0.5103098923961321,"val_recall":0.8827586206896552}