{"val_recall":0.903448275862069,"val_precision":0.8562091503267973,"_step":16,"train_f1":0.9591836734693877,"val_accuracy":86.66666666666667,"train_precision":0.9609665427509294,"train_loss":0.10684095111421564,"fold":4,"train_accuracy":95.92592592592592,"val_confusion_matrix_table":{"_latest_artifact_path":"wandb-client-artifact://om4b6mra8doki42tzjht3be08xwzx7gx9ndya8on4nc31yq3uve1c2x2rg982jn5i4499by7uz75e61n1wf0fsx5s0rke8jo1fbizgvoiaadob39ffw941cj9280et6z:latest/val_confusion_matrix_table.table.json","_type":"table-file","artifact_path":"wandb-client-artifact://5z1ggwif1y15n814w6zlboa8jiqcmww2lzmajw1jhwnl3x1nw3bmqvqovwgp47lgdm7pjgwg04oymutzynsc0vxardpqjkwnhbn5izkenj0px5lbmwe3xa1vsxnjri4r/val_confusion_matrix_table.table.json","sha256":"fa91d3832971ca7d8dbc19c893f545a7e00e50abe713ef0e00ed6d4648d52240","log_mode":"IMMUTABLE","ncols":3,"nrows":4,"size":248,"path":"media/table/val_confusion_matrix_table_6_fa91d3832971ca7d8dbc.table.json"},"val_loss":0.6989011565844218,"train_recall":0.9574074074074074,"epoch":16,"val_f1":0.8791946308724832,"_runtime":101,"_wandb":{"runtime":101},"_timestamp":1.768584624572567e+09}