{"train_loss":0.1324322514913299,"val_recall":0.8827586206896552,"_runtime":95,"val_loss":0.4611751586198807,"train_f1":0.9553072625698324,"_step":15,"val_f1":0.8707482993197279,"train_precision":0.9606741573033708,"val_precision":0.8590604026845637,"fold":0,"_wandb":{"runtime":95},"train_recall":0.95,"val_confusion_matrix_table":{"log_mode":"IMMUTABLE","_latest_artifact_path":"wandb-client-artifact://g8htdb40a60oygzdhvpcfwxgvh7tr88k9u16yez58dhujxxlrfvwi00ojp41nt3lyvtomwf7eblm4bofelbw7who048ntez10xnty0ivxtiww1gpkd4vwxjk5cbnnuao:latest/val_confusion_matrix_table.table.json","artifact_path":"wandb-client-artifact://gkvbct7i1efaxzckvx9unn066iekabzijn95fx34ya6czruz6h6g2iemz99w7a03ffnu6jxsr0c2iffdsli9gvd5drvo0331uv7ekze4rn7ecptkv6mpmbatn3xftbbp/val_confusion_matrix_table.table.json","size":248,"path":"media/table/val_confusion_matrix_table_5_17ce62ed7ce2cafea12f.table.json","_type":"table-file","ncols":3,"nrows":4,"sha256":"17ce62ed7ce2cafea12fe179eb92a4b9e0722538aaab4c7515a62806312d6568"},"_timestamp":1.768586647014503e+09,"val_accuracy":85.92592592592592,"epoch":15,"train_accuracy":95.55555555555556}