{"_timestamp":1.7645769634249427e+09,"_wandb":{"runtime":161},"train_accuracy":51.75925925925926,"train_precision":0.5176192389725202,"fold":0,"val_accuracy":70.37037037037037,"val_precision":0.7034210251399566,"train_recall":0.5175925925925926,"train_f1":0.51741013191716,"val_recall":0.7037037037037037,"val_loss":0.5930460393428802,"_runtime":9.0940095,"_step":0,"train_loss":0.7473183924501593,"epoch":0,"val_f1":0.7035236739169571}