{"_timestamp":1.7645044038492851e+09,"val_precision":0.8854012345679012,"train_accuracy":97.87037037037037,"train_f1":0.9787014942393714,"val_recall":0.8851851851851852,"train_precision":0.9789024252175971,"val_f1":0.8849866123473872,"_step":24,"_runtime":62.8308703,"_wandb":{"runtime":62},"val_accuracy":88.51851851851852,"train_recall":0.9787037037037037,"learning_rate":0.005,"train_loss":0.07257699132473631,"val_loss":0.42872359851996106}