{"_timestamp":1.7685832024292984e+09,"_runtime":86,"val_loss":0.5096557860573133,"_step":15,"val_f1":0.8848920863309353,"train_precision":0.9717514124293786,"val_precision":0.924812030075188,"epoch":15,"train_f1":0.9635854341736695,"_wandb":{"runtime":86},"val_recall":0.8482758620689655,"train_accuracy":96.38888888888889,"val_confusion_matrix_table":{"_type":"table-file","artifact_path":"wandb-client-artifact://gwwhdyn2b5lnmar6fd6chzs2feurp3enab846l2fu0xrsd1jkvs628fj0paulap8w2ftcxjfhljt9920372b7ua0t39v6myvoxqn5luty9rvrgx9q7gtamddbb31s1wa/val_confusion_matrix_table.table.json","size":248,"_latest_artifact_path":"wandb-client-artifact://qv3b5sisn500bdzhgtm1vex9w3axnyblsku59hss1gfpkdlcywoco5mj5les8vmbhq0dmcscieu0p6480pgl07ksg8zw8bugnne84zdm873yri5uj20t13qgq4fy6mp9:latest/val_confusion_matrix_table.table.json","path":"media/table/val_confusion_matrix_table_5_3c0f0d92d210676b9d22.table.json","ncols":3,"nrows":4,"log_mode":"IMMUTABLE","sha256":"3c0f0d92d210676b9d2225f5c102b38d41e85f2035db9b2a2407b58f575dbde7"},"train_loss":0.09594025996259668,"fold":4,"train_recall":0.9555555555555556,"val_accuracy":88.14814814814815}