{"fold":1,"val_accuracy":88.51851851851852,"val_recall":0.9310344827586207,"train_f1":0.9637883008356546,"train_loss":0.08857807114889676,"val_f1":0.8970099667774086,"_timestamp":1.768582901408528e+09,"train_precision":0.9664804469273743,"val_confusion_matrix_table":{"sha256":"ecfab6118ccbfed3788c4e7b8d6e05baaa3eb2b7f2b2899b25f9e6823758bd26","_latest_artifact_path":"wandb-client-artifact://iinm9lnwnatv3zhlm2qwymz8u8bminkyvnsmfpjg6mwr92ennp26jkp664yw4bx7fl900vkmi9bf8nvmowwu7c7h0l5tro66fno9tevj219f6enqu9m1w72hbbhi8krs:latest/val_confusion_matrix_table.table.json","nrows":4,"log_mode":"IMMUTABLE","artifact_path":"wandb-client-artifact://mp3p4xjadvpu601rdw85pv81ww4xohwrx5oywhzxutgf0aaovxv7xzo7tn0qa1gfg1gw20dlc5mejgz8itwa5pxwjlvn5qv383mvn1t6uxse61clpe0hfvwzzwks61kj/val_confusion_matrix_table.table.json","size":248,"ncols":3,"_type":"table-file","path":"media/table/val_confusion_matrix_table_14_ecfab6118ccbfed3788c.table.json"},"_runtime":117,"epoch":24,"val_precision":0.8653846153846154,"_step":24,"train_recall":0.9611111111111111,"val_loss":0.4310593334957957,"train_accuracy":96.38888888888889,"_wandb":{"runtime":117}}