{"_runtime":156,"epoch":20,"_wandb":{"runtime":156},"val_confusion_matrix_table":{"_type":"table-file","nrows":4,"size":248,"sha256":"c6c05c17656ab4eae5892301fd3e831978fc04c4558af5b8b2f384379a6786ec","_latest_artifact_path":"wandb-client-artifact://oo9f36vbn2dzw9df86h8aeasji4wotz0g59e3ddnhbk855r5nqgky0632rk04jndd1i4wl7bc0url9qibnp1r20m703v00e87eclh7ghpi9jpb6bqgg1tuonnzkdsy6o:latest/val_confusion_matrix_table.table.json","path":"media/table/val_confusion_matrix_table_10_c6c05c17656ab4eae589.table.json","artifact_path":"wandb-client-artifact://oqz8lhwc800a2ztdc0g9vlqt5vsaz2j9i6711dersgrolv84wy1egsvzcw8h04fl69d3svd3klexmz5w0kw6jga6oy1wfiftsaf2fviq3kxjqx959oeicwrolv6c26cz/val_confusion_matrix_table.table.json","log_mode":"IMMUTABLE","ncols":3},"_step":20,"val_loss":0.3850120926896731,"fold":1,"val_accuracy":88.88888888888889,"train_f1":0.9795539033457249,"train_accuracy":97.96296296296296,"val_recall":0.9103448275862069,"train_precision":0.9832089552238806,"_timestamp":1.766164117518295e+09,"train_loss":0.06257602247536521,"val_f1":0.8979591836734694,"train_recall":0.975925925925926,"val_precision":0.8859060402684564}