{"train_f1":0.9658986175115207,"val_confusion_matrix_table":{"ncols":3,"size":247,"path":"media/table/val_confusion_matrix_table_8_00a202be51ad0190a328.table.json","_latest_artifact_path":"wandb-client-artifact://vf4b01zlgvjtmtan2jt694d8o8zjv007w6nz08tn97lnvywb8xfyp1yqw7encim01b4slr434aa1naomhnwnjs7qdaunfij1oianigydsmmpsxyjgvi5lfqnpk37v06v:latest/val_confusion_matrix_table.table.json","_type":"table-file","sha256":"00a202be51ad0190a32892173bd13e16b97377758ccbfd83e7e89936c2f01414","nrows":4,"log_mode":"IMMUTABLE","artifact_path":"wandb-client-artifact://7un3dklbuf53e944cj9kiij7udq9jr3ty2448pppkqvus4tij0ekv9hu4hqm3hovf7vamxa8zmayd2uzj8a8fimtt9wnebhkm5cxo775hveg2vfmtrrqfwq8vgbjt79g/val_confusion_matrix_table.table.json"},"val_accuracy":88.88888888888889,"_step":18,"val_loss":0.398099551598231,"epoch":18,"fold":0,"train_precision":0.9614678899082569,"train_recall":0.9703703703703703,"_wandb":{"runtime":113},"val_precision":0.9078014184397163,"train_accuracy":96.57407407407408,"_timestamp":1.7678508645342145e+09,"val_recall":0.8827586206896552,"train_loss":0.07859735800461336,"_runtime":113,"val_f1":0.8951048951048951}