{"_runtime":119,"val_accuracy":89.62962962962963,"train_recall":0.9666666666666667,"val_confusion_matrix_table":{"nrows":4,"_type":"table-file","ncols":3,"artifact_path":"wandb-client-artifact://dkatmiszb2ehzf2u4mnra97vuvvrglea0l1h21c3r7ac6yyb0gbqxu6juadciais08e9ddxeod5r0ofloh2fnx9cq8xzommum9h23khox47x2fktrodg24lhheferqgj/val_confusion_matrix_table.table.json","sha256":"e4bc344413baa615ec04e305ac83e4f4dc3bc8a593b77124655838c286ab56d3","path":"media/table/val_confusion_matrix_table_4_e4bc344413baa615ec04.table.json","size":248,"_latest_artifact_path":"wandb-client-artifact://vhcp4g26vf0mtfjgw0qfkpx8cw19hg4wyrr4cqs56wmltm9ukviuxxulr8pe20vsrwhaivlr92mt9a3a9wlois61wmhztltyuhqz5k2isdpp25yzl5820hd8z3cfnop5:latest/val_confusion_matrix_table.table.json","log_mode":"IMMUTABLE"},"train_loss":0.06843791406770999,"_step":14,"val_precision":0.8926174496644296,"val_recall":0.9172413793103448,"_timestamp":1.76839038619715e+09,"train_precision":0.9775280898876404,"train_f1":0.9720670391061452,"epoch":14,"val_f1":0.9047619047619048,"_wandb":{"runtime":119},"fold":2,"val_loss":0.41834914684295654,"train_accuracy":97.22222222222223}