{"train_f1":0.9572490706319703,"_step":13,"_timestamp":1.7685885168848855e+09,"train_accuracy":95.74074074074075,"_wandb":{"runtime":69},"val_confusion_matrix_table":{"_latest_artifact_path":"wandb-client-artifact://a5qpbgjszp8ddorxjeb8izmmyp9j15ckbzjb4qo236el69umtjtd90hv57r55j9l4r0hlguks4t3ukf48lsh8ldo4skt7h5flbl9g43duj4vydw7wijl8ps8abm7qlfi:latest/val_confusion_matrix_table.table.json","artifact_path":"wandb-client-artifact://404f6dj9ryao2z4b22mujw7he7ae2crf5fekcdfpjfm8y6oyyvxtjjfe2cq1ulahxo2yzj026wr1y3tt7bj13iv73554mh3z3e3p5g7z67rftw00w833limn87egne8n/val_confusion_matrix_table.table.json","_type":"table-file","sha256":"afd2017a1da7a39182341706d255e2afc72f8bb9a91f62ecbf9a7bbaf1ef36ff","nrows":4,"log_mode":"IMMUTABLE","ncols":3,"size":247,"path":"media/table/val_confusion_matrix_table_3_afd2017a1da7a3918234.table.json"},"train_precision":0.960820895522388,"val_recall":0.8758620689655172,"val_loss":0.5531107932329178,"epoch":13,"val_precision":0.8881118881118881,"train_recall":0.9537037037037037,"val_accuracy":87.4074074074074,"train_loss":0.12443312122063203,"val_f1":0.8819444444444444,"fold":3,"_runtime":69}