{"val_recall":0.903448275862069,"val_precision":0.8618421052631579,"train_recall":0.9666666666666667,"val_f1":0.8821548821548821,"train_loss":0.07099598637697371,"train_precision":0.9793621013133208,"val_accuracy":87.03703703703704,"train_accuracy":97.31481481481481,"val_loss":0.4501493920882543,"fold":0,"_timestamp":1.7661671355003226e+09,"_wandb":{"runtime":153},"train_f1":0.972972972972973,"_runtime":153,"_step":22,"epoch":22,"val_confusion_matrix_table":{"sha256":"edf5ab9af6aac4dc05e3ea0b282ee5390fcc6324befc0117e809446a67b28f1a","path":"media/table/val_confusion_matrix_table_12_edf5ab9af6aac4dc05e3.table.json","ncols":3,"size":248,"_latest_artifact_path":"wandb-client-artifact://bpm9q9j6o7q98arnksb67dhb1v822f75uv06zfpzrzty4nehthq4e4cjf06bxsksf8gfyzclmajrazbkqq6ri0hvblriyrtdo9n93f3j8rhr76r1a5onqvmy84f3e878:latest/val_confusion_matrix_table.table.json","log_mode":"IMMUTABLE","nrows":4,"artifact_path":"wandb-client-artifact://6ttri25y7jz5d1szn3k5u79tfdakceyq5d02erwyfa73aet7sg0j8tdlozi9r71lf0dx2h390624p2aqvtx6thljwxjhcl90c247on0a5snab0uok9233pvcffytc4ag/val_confusion_matrix_table.table.json","_type":"table-file"}}