{"_step":23,"_wandb":{"runtime":122},"val_recall":0.9379310344827586,"train_recall":0.9592592592592593,"train_f1":0.9637209302325581,"val_precision":0.8395061728395061,"val_loss":0.391311839222908,"train_loss":0.09538311985406009,"epoch":23,"val_f1":0.8859934853420195,"_timestamp":1.7674485035239272e+09,"val_accuracy":87.03703703703704,"train_accuracy":96.38888888888889,"fold":3,"train_precision":0.9682242990654205,"_runtime":122,"val_confusion_matrix_table":{"size":248,"_latest_artifact_path":"wandb-client-artifact://8b2hfgav5im185253wx8nvwz67qraevnle7snmtc0icg5r8awbftkadvyugy3tss9819q8vj8xrx2q2ce8grac89xtvo93jhj6rwirw9riqohmrms2ovz7cu0dnpyakt:latest/val_confusion_matrix_table.table.json","sha256":"edf5ab9af6aac4dc05e3ea0b282ee5390fcc6324befc0117e809446a67b28f1a","path":"media/table/val_confusion_matrix_table_13_edf5ab9af6aac4dc05e3.table.json","log_mode":"IMMUTABLE","artifact_path":"wandb-client-artifact://isvm7sr6mngf9bjydmlx0wfy4jwl6n7wgza2jlzxa05m9jn9p50swwll6ttcyo5pwt4vzx8g1b0xxn0cz6y765ddttzk1u2rcgb6l1jaruj945z8a8gfyuh31aun07c3/val_confusion_matrix_table.table.json","ncols":3,"nrows":4,"_type":"table-file"}}