{"val_precision":0.8707482993197279,"fold":4,"train_f1":0.9664179104477612,"train_loss":0.09339110807261684,"train_recall":0.9592592592592593,"_timestamp":1.7674486062242448e+09,"val_loss":0.5404763122399648,"val_recall":0.8827586206896552,"val_confusion_matrix_table":{"_latest_artifact_path":"wandb-client-artifact://pk5uf6b8vwrgd9uok4nyhfps5b0sz3qawwt2astyy89vrp85e7kn70lwaef05q1anydf4la9kbtyhodpv37chu2h272zaus33t082uppo470fzqqzg3giyy43glko7st:latest/val_confusion_matrix_table.table.json","_type":"table-file","path":"media/table/val_confusion_matrix_table_11_6262ab4f6d609b3a6573.table.json","size":248,"nrows":4,"artifact_path":"wandb-client-artifact://gytx4mll981p51kbsmi3kucukg1j8defe5sj61geif3b2363wgw67uo0pds00pk6p2u97rnyg6nc4f2nao6t32uzls7psecrhuw3dcjpdr410bgv0ir8d6dox7bd0crg/val_confusion_matrix_table.table.json","log_mode":"IMMUTABLE","ncols":3,"sha256":"6262ab4f6d609b3a657390320c06c51ea7ff999a6abcf435b1f72804e167acb8"},"_step":21,"val_f1":0.8767123287671232,"_runtime":100,"train_precision":0.9736842105263158,"epoch":21,"val_accuracy":86.66666666666667,"train_accuracy":96.66666666666667,"_wandb":{"runtime":100}}