{"_wandb":{"runtime":50},"train_accuracy":96.01851851851852,"val_f1":0.8550323731633491,"val_recall":0.8555555555555555,"train_loss":0.11029088700359518,"train_recall":0.9601851851851851,"_timestamp":1.7660528167156966e+09,"train_precision":0.9601867633290925,"val_precision":0.8564400159227746,"fold":0,"epoch":16,"val_accuracy":85.55555555555556,"train_f1":0.9601851510503696,"_runtime":50,"val_loss":0.44896751642227173,"_step":16}