{"_runtime":138,"val_precision":0.847682119205298,"val_f1":0.8648648648648649,"val_loss":0.6387430081764857,"train_recall":0.9685185185185186,"train_accuracy":97.5,"val_confusion_matrix_table":{"log_mode":"IMMUTABLE","sha256":"00917a1a1f7c07a03aed735b58b1ceae089bbc8e1ff2fd3607765c7636d57cb0","artifact_path":"wandb-client-artifact://6c3v6e9hhr4wr6zaschodi0576fuwwifiwb0i4nwhk1iumsn8hbnudqxri13kcw8boomp33dbrxgo5xu4thsdmjka7eb8qec0vm2qkwuhjx20afjx1fmfmphr65kug2k/val_confusion_matrix_table.table.json","nrows":4,"ncols":3,"_type":"table-file","path":"media/table/val_confusion_matrix_table_4_00917a1a1f7c07a03aed.table.json","size":248,"_latest_artifact_path":"wandb-client-artifact://duet9ig9bp183dz4y2g7zifmvbudkc8lv77wjqmuhbgwcjoc6ossg3wxbpcozgvoivkj7hx138fhyhr8s7wwrbss25s2ce3f1hahn3fkzyczhxyxa6vmqv1h9r3ybbl9:latest/val_confusion_matrix_table.table.json"},"train_precision":0.9812382739212008,"val_accuracy":85.18518518518519,"_timestamp":1.7683906758136952e+09,"_step":14,"val_recall":0.8827586206896552,"train_loss":0.07204206569374284,"fold":4,"_wandb":{"runtime":138},"train_f1":0.9748369058713886,"epoch":14}