{"train_accuracy":96.48148148148148,"train_precision":0.9630996309963099,"val_loss":0.40739160776138306,"_runtime":98,"train_f1":0.9648798521256932,"val_f1":0.9027777777777778,"_timestamp":1.7678461445305676e+09,"fold":4,"train_recall":0.9666666666666667,"val_precision":0.9090909090909091,"_wandb":{"runtime":98},"epoch":18,"val_accuracy":89.62962962962963,"train_loss":0.08066560836000876,"val_recall":0.896551724137931,"_step":18,"val_confusion_matrix_table":{"size":248,"artifact_path":"wandb-client-artifact://coyz2w24jtiq4cayk6qrbgho168r53aarz5uc491x3wiq7bpr9hfpw41pw4cf3r8znyrrvkqojrdbt5dek4z4dpmvquxka622jcsqhthrdvngdz2nle3qb1ueplo6i0b/val_confusion_matrix_table.table.json","_type":"table-file","nrows":4,"sha256":"436c42c8650b56dfaa6cc5bc577ca7b2fd2bfff8f7610e51aaa1d6ee06726768","path":"media/table/val_confusion_matrix_table_8_436c42c8650b56dfaa6c.table.json","log_mode":"IMMUTABLE","ncols":3,"_latest_artifact_path":"wandb-client-artifact://s7ysgq4zkgqotb5a40c896b46ap75tw68som84xwkzcivz7e5gb8fi32fldfl1na3fl2ow5cgd09szst6jw4wcoe7ujvmkgj0ryycoap54metdj6b479bsnekd2cir73:latest/val_confusion_matrix_table.table.json"}}