{"train_loss":0.1311252291568301,"epoch":14,"val_recall":0.8555555555555555,"_step":19,"train_precision":0.9538593481989709,"val_precision":0.8570812715549556,"_wandb":{"runtime":82},"_timestamp":1.7660566001606827e+09,"train_accuracy":95.37037037037037,"val_confusion_matrix_table":{"ncols":3,"_type":"table-file","artifact_path":"wandb-client-artifact://a0isce4ylm1xgpw3ihf3ofi3m1tpiwzu2beqflfxw1nhk8964bwr1x72u60nwrizqd49hie92098ov98h95l4dt7qo27xq4sh1ax3guy888bxeq0mkyr7nlrtukln9wp/val_confusion_matrix_table.table.json","path":"media/table/val_confusion_matrix_table_9_60a4e1d107ec74d541d4.table.json","_latest_artifact_path":"wandb-client-artifact://zq6gi6ok0c3zmj5m1pve128ysh0gcz70qkiolinsm0b4rgwrwojo22v6ljmjjpwt6vgp6gekalgdwb8kz5l3b5zwejrk2ocm6t3r2aabvzs4smf5cb7ocabxnpfzjggk:latest/val_confusion_matrix_table.table.json","size":248,"log_mode":"IMMUTABLE","nrows":4,"sha256":"60a4e1d107ec74d541d40afa3fa5e6943ec77ba1be59326012e8d0d5888b596a"},"val_loss":0.47183887163798016,"train_f1":0.9536997342021778,"val_f1":0.8548708705369209,"val_accuracy":85.55555555555556,"fold":0,"_runtime":82,"train_recall":0.9537037037037037}