{"val_loss":0.5318871835867564,"val_accuracy":86.29629629629629,"val_f1":0.8719723183391004,"val_precision":0.875,"fold":0,"train_precision":0.983177570093458,"train_loss":0.06988786728206006,"train_recall":0.9740740740740741,"val_recall":0.8689655172413793,"_step":16,"_runtime":89,"train_f1":0.9786046511627907,"epoch":16,"_wandb":{"runtime":89},"train_accuracy":97.87037037037037,"val_confusion_matrix_table":{"sha256":"17ce62ed7ce2cafea12fe179eb92a4b9e0722538aaab4c7515a62806312d6568","size":248,"path":"media/table/val_confusion_matrix_table_6_17ce62ed7ce2cafea12f.table.json","_latest_artifact_path":"wandb-client-artifact://70xpqt46wpa3yp2tgpenuu70607c8riwl6k18l2n2b22kc8vgpdyywllrd8d30qtvkttt53fastfbyl0lafebo5vuybuefn2zjj058gjyh7bsr6hvzmj92s6tmz8ag3g:latest/val_confusion_matrix_table.table.json","ncols":3,"_type":"table-file","nrows":4,"artifact_path":"wandb-client-artifact://xtcv9agzm5be76worsfbhe2ig36iniam3va187i08otanhge7krjzz6qogmqddt1dns44qn0zbtlspipeh0uc4384a0ppc3iea2tf0n0utvpynb4c3d3ja7kzf6gjx08/val_confusion_matrix_table.table.json","log_mode":"IMMUTABLE"},"_timestamp":1.7661635454162726e+09}