{"val_confusion_matrix_table":{"sha256":"8e3ce63fa059f8627e664f500eb64cf01ea1d5657a4cccfeb93f2f1ec3c3ca8f","path":"media/table/val_confusion_matrix_table_5_8e3ce63fa059f8627e66.table.json","nrows":4,"ncols":3,"log_mode":"IMMUTABLE","_latest_artifact_path":"wandb-client-artifact://7rtmx3n33zk6jriuzyvqfvc4m0jsuwseo0wwx0705v2ld3b6my55iqxcxvvf6p82idexd361ef7sq9eyf6703lwwfiujn9y11e0gz1up1mcp68tic0w5kv1psxob9zqi:latest/val_confusion_matrix_table.table.json","artifact_path":"wandb-client-artifact://z2z7t5eyq0bhl1jdf9w551bxuq1cun8kuw0hwvpnq6kq2zibh4vzi12aqfdkcybgkxy6ynqjj6yhv2uslv3hx3jtzf9cfk8lgtjiivzi73l0ei002te3lg72zw9rlufc/val_confusion_matrix_table.table.json","size":248,"_type":"table-file"},"train_precision":0.9645522388059702,"train_accuracy":96.11111111111111,"train_loss":0.10098286819728938,"_step":15,"train_f1":0.9609665427509294,"train_recall":0.9574074074074074,"val_loss":0.39008658689757186,"_wandb":{"runtime":122},"val_accuracy":88.51851851851852,"_runtime":122,"val_f1":0.8990228013029316,"epoch":15,"_timestamp":1.768390262199612e+09,"fold":1,"val_recall":0.9517241379310345,"val_precision":0.8518518518518519}