{"train_accuracy":95.83333333333333,"val_confusion_matrix_table":{"size":248,"ncols":3,"_latest_artifact_path":"wandb-client-artifact://1ic0nq6tgaegvy3wxsy6prgksgi27l6fqipohiw4lioned5c5t892hwmzshok8dae7esdl9tntnp2ytqpyen01s5sfo6mpwxt05ppx1kjlg72caf0tyjkh2dipfmi2rw:latest/val_confusion_matrix_table.table.json","nrows":4,"path":"media/table/val_confusion_matrix_table_9_d000f77f350f2f0a066f.table.json","log_mode":"IMMUTABLE","artifact_path":"wandb-client-artifact://5qskoh6nwyy9hh791apfj5a7r1absms1udt7dt44vvg3xwpls306nqzpy53lzrpyqrt1uune65bk7ytxurcy3an56gcjoqvc4uejyrqeh5iji3e3ws0250re06pbjjc9/val_confusion_matrix_table.table.json","_type":"table-file","sha256":"d000f77f350f2f0a066f44cf76e22750d6d415d25d2b223474d0301357eff988"},"val_accuracy":87.03703703703704,"_wandb":{"runtime":218},"_runtime":218,"val_f1":0.8867313915857605,"_step":19,"val_precision":0.8353658536585366,"fold":3,"train_precision":0.9661016949152542,"val_loss":0.6112781266371409,"_timestamp":1.7678502337678537e+09,"val_recall":0.9448275862068966,"train_f1":0.957983193277311,"train_loss":0.13191447474739768,"train_recall":0.95,"epoch":19}