{"_runtime":56,"_timestamp":1.7659012605327947e+09,"train_accuracy":96.11111111111111,"train_recall":0.9611111111111111,"epoch":15,"train_loss":0.10426128435541283,"val_loss":0.5864552706480026,"_wandb":{"runtime":56},"train_precision":0.9611680454377085,"fold":0,"train_f1":0.961109910799716,"val_accuracy":84.44444444444444,"val_recall":0.8444444444444444,"val_f1":0.8431931177029216,"_step":15,"val_precision":0.8480508544329846}