{"_step":15,"val_f1":0.8585073470153329,"train_loss":0.12117147013883699,"_wandb":{"runtime":63},"_timestamp":1.7659014535644507e+09,"train_recall":0.9592592592592593,"_runtime":63,"val_loss":0.5529253408312798,"train_f1":0.9592580017901788,"val_recall":0.8592592592592593,"val_precision":0.8612233224149125,"epoch":15,"val_accuracy":85.92592592592592,"fold":3,"train_accuracy":95.92592592592592,"train_precision":0.9593159649339424}