{"_runtime":72,"val_precision":0.8441558441558441,"train_accuracy":95.64814814814815,"_wandb":{"runtime":72},"train_precision":0.9607476635514018,"train_f1":0.9562790697674418,"val_loss":0.41803718606630963,"fold":2,"train_loss":0.11027267981659282,"val_recall":0.896551724137931,"val_confusion_matrix_table":{"_latest_artifact_path":"wandb-client-artifact://77ku5e988psowkadblbvvo5qi8x92ljqinpfkxbkefte00bif4y83kuadb1b1plr5luovyve9w59xpkqcu0a2l29z48ug754kls41cqikwd5dcarqd9363mqc0o0uw91:latest/val_confusion_matrix_table.table.json","size":248,"_type":"table-file","path":"media/table/val_confusion_matrix_table_5_b1f38ada290688619026.table.json","sha256":"b1f38ada290688619026bbe7f366f5893749a3161f6b781b802be73c1f7974f1","nrows":4,"artifact_path":"wandb-client-artifact://st565wjans4li8mg63hp0pjw2aurq51n9lsrrnox2eig1hv592x1dhinxqhdnc3ew0fnual0fiihpsecz3fe1xdl3trz84avpvedgkua302splbxmerdd2a6j8c1we5d/val_confusion_matrix_table.table.json","log_mode":"IMMUTABLE","ncols":3},"val_accuracy":85.55555555555556,"val_f1":0.8695652173913043,"_step":15,"train_recall":0.9518518518518518,"epoch":15,"_timestamp":1.7678459413450394e+09}