{"val_precision":0.8619295746488728,"_timestamp":1.7659018070962973e+09,"val_f1":0.8399945446208792,"train_loss":0.3601495684547858,"fold":2,"epoch":12,"_step":12,"train_accuracy":92.5925925925926,"train_recall":0.9259259259259259,"val_recall":0.8407407407407408,"val_accuracy":84.07407407407408,"val_loss":1.0973744140937924,"_wandb":{"runtime":86},"train_f1":0.9259134765444125,"train_precision":0.9262124061440473,"_runtime":86}