{"val_f1":0.8524590163934426,"epoch":15,"val_loss":0.49915003528197605,"val_accuracy":83.33333333333333,"train_accuracy":95.64814814814815,"fold":3,"train_precision":0.9695238095238096,"_step":15,"_wandb":{"runtime":73},"val_recall":0.896551724137931,"train_f1":0.955868544600939,"_runtime":73,"val_precision":0.8125,"train_loss":0.12489315494894981,"_timestamp":1.767365377999671e+09,"val_confusion_matrix_table":{"artifact_path":"wandb-client-artifact://eat5we19qi9w1mn3ykcur39ff2247qm7h8otvzv0nme5y4qr0h1fz8fs37cit4r55mnyiiwrs0vternynml2z0pfdhnfbuphldupjkzz4zzwqvu3rdax2kihxlswag8d/val_confusion_matrix_table.table.json","_latest_artifact_path":"wandb-client-artifact://4xvy4lbb7i65kc3r0xweoztj28owbj0vabwvkkmugyu10pdjei6moa1pu37ub5a9hjmlmitmg333i87q8rfhjfyhr5c5t6kv6iq7v471npffmg1exun86j1upr75adsw:latest/val_confusion_matrix_table.table.json","sha256":"e40a7161d9470482e7f2cd81d7e31d34a8c72684fc7f36dafa2a86eeff6209fb","_type":"table-file","ncols":3,"log_mode":"IMMUTABLE","path":"media/table/val_confusion_matrix_table_5_e40a7161d9470482e7f2.table.json","nrows":4,"size":248},"train_recall":0.9425925925925925}