{"val_accuracy":86.29629629629629,"val_precision":0.8698630136986302,"train_recall":0.9629629629629629,"val_loss":0.454865962266922,"train_precision":0.9611829944547134,"val_confusion_matrix_table":{"log_mode":"IMMUTABLE","sha256":"cf43cae38f4c02f0ea6eae8b9483c1af94197e4f31870944ae13bc92ad1cb14b","path":"media/table/val_confusion_matrix_table_7_cf43cae38f4c02f0ea6e.table.json","_type":"table-file","artifact_path":"wandb-client-artifact://s2lkt6ovhxfv3sm66lnq29839qoaof9bo13x4r6qcb0viwvew6y9qatp79bqrmmtlormnxwt38gkqvcb55bavz4xuvp5p2mapti3smvbak5frdrq6yxyivwuqij6m8q9/val_confusion_matrix_table.table.json","nrows":4,"size":247,"_latest_artifact_path":"wandb-client-artifact://y97otvk5ykxx3c4u8f7ayefn54lubrvswkgsw9a6778appygzimih5zw2dgglcayfl2murxtzo5em19u4gvaz124bhb4xtpuub4u4le1670snropmss7zn17ejfqyy88:latest/val_confusion_matrix_table.table.json","ncols":3},"val_recall":0.8758620689655172,"epoch":17,"val_f1":0.872852233676976,"_step":17,"train_accuracy":96.20370370370371,"_runtime":85,"train_f1":0.9620721554116559,"train_loss":0.10140487009828741,"_timestamp":1.7673732538565178e+09,"fold":3,"_wandb":{"runtime":85}}