{"val_f1":0.8741258741258742,"epoch":16,"train_accuracy":94.25925925925925,"_wandb":{"runtime":75},"fold":0,"train_recall":0.9333333333333333,"train_f1":0.9420560747663551,"_step":16,"val_recall":0.8620689655172413,"val_loss":0.4784644916653633,"train_precision":0.9509433962264151,"_runtime":75,"val_confusion_matrix_table":{"path":"media/table/val_confusion_matrix_table_6_ffdfe38fb77266b41fdb.table.json","artifact_path":"wandb-client-artifact://dsmpjgtcm5sbpjvz1efrjg2jtuq3tikujh3z6zpdo0d52llktuxoynft9doe0o94dhx9g5kg6zn1m2u1p6ppmo50wjafpdmpu5ovlrmnyrlxr1404gihgzipr5l9sypo/val_confusion_matrix_table.table.json","nrows":4,"sha256":"ffdfe38fb77266b41fdb92cd7da96da3982327f6dc8edebd55a7f8416dbc40bf","_latest_artifact_path":"wandb-client-artifact://v05l7vtodvxghae179auewcb0qmg9krr0gpuhifr6ssipihd37z0w5m6z46k1781cl1if0sd1gmrph4l79pttxusflw1wigd7i4vq58jbudfcowg54vnx7660qqk3aep:latest/val_confusion_matrix_table.table.json","size":248,"log_mode":"IMMUTABLE","_type":"table-file","ncols":3},"train_loss":0.14605104821649464,"val_precision":0.8865248226950354,"_timestamp":1.7685668610872931e+09,"val_accuracy":86.66666666666667}