{"val_recall":0.8703703703703703,"val_loss":0.5065040489037832,"train_recall":0.9722222222222222,"fold":0,"val_f1":0.870532561132168,"val_confusion_matrix_table":{"_type":"table-file","sha256":"a7d9238c61c8ba9605ca1e082a17cd9c15988d8f1df613c515c37adac236a34b","artifact_path":"wandb-client-artifact://rg49a8bdp7ykwdjfip9v0bl8bz038qs6qzankca9aeyc7xn5sr9nlcx121mu3yaxmi7wolxbz8jozxf80kn0oudp2qfv53c4cb42zikl344mrbjsvd0w9p9ti1h6mhcb/val_confusion_matrix_table.table.json","log_mode":"IMMUTABLE","ncols":3,"nrows":4,"size":248,"_latest_artifact_path":"wandb-client-artifact://m9vskvll8ls1p7nfc7ghupmaeqys229kurmohh523w59l4ui8ni8bcmn09qxmn00zap6onqq01cesiv95ofd9gbueid3j6f1c6rppa1ycmdvisn726tg4qs1wdtx528o:latest/val_confusion_matrix_table.table.json","path":"media/table/val_confusion_matrix_table_33_a7d9238c61c8ba9605ca.table.json"},"_wandb":{"runtime":122},"train_precision":0.9722481343283583,"train_accuracy":97.22222222222223,"val_precision":0.8718647830966673,"epoch":16,"train_f1":0.9722218411775196,"_step":33,"_timestamp":1.7659600820069885e+09,"val_accuracy":87.03703703703704,"_runtime":122,"train_loss":0.07715571256862445}