{"val_accuracy":88.88888888888889,"fold":2,"train_recall":0.9574074074074074,"train_precision":0.9736346516007532,"_runtime":140,"train_loss":0.09924840825525197,"train_f1":0.965452847805789,"epoch":18,"val_confusion_matrix_table":{"_type":"table-file","nrows":4,"log_mode":"IMMUTABLE","path":"media/table/val_confusion_matrix_table_8_77e61f9160c865feb039.table.json","size":248,"ncols":3,"_latest_artifact_path":"wandb-client-artifact://y1bqwn7gq9p5x1atjngq51s2mr2lcwk8ufdrfuy8hfv2pch91w42989n2adspp01dn2gr5303hx0kqgj8dl4hzprpp55rd6lspqfr9oblgcuz1kv2eegdpt4ww8ubm3l:latest/val_confusion_matrix_table.table.json","artifact_path":"wandb-client-artifact://a9qu5qlfe6f3fwndbcfnkjrq3bbbzu0gcftc8dcbct4o6kwn1asb1xv3bk33u6rxhqt9un6qjlmorzye6hnzqonw4kjmlmrsqohz88w5gtmkhaqvft40i0qs5zl0vyt2/val_confusion_matrix_table.table.json","sha256":"77e61f9160c865feb039c690f952d6bd70b1e76f7bbe99aa4af65e9a36ae9229"},"val_recall":0.9517241379310345,"val_loss":0.40471984694401425,"_step":18,"val_f1":0.9019607843137255,"val_precision":0.8571428571428571,"_wandb":{"runtime":140},"train_accuracy":96.57407407407408,"_timestamp":1.767848877551262e+09}