{"train_loss":0.6319471462206407,"train_recall":0.8462962962962963,"train_accuracy":89.62962962962963,"_step":13,"epoch":13,"train_precision":0.9403292181069959,"val_f1":0.8321167883211679,"train_f1":0.8908382066276803,"val_loss":3.311106284459432,"val_precision":0.8837209302325582,"val_accuracy":82.96296296296296,"val_recall":0.7862068965517242,"_timestamp":1.7685625731648052e+09,"val_confusion_matrix_table":{"_latest_artifact_path":"wandb-client-artifact://tjhga696xpqxqeoqnmt0rboh12fwbe2drsicwd7zqondtri9uiwyrgafpuhyx42vdofaab8tprxy08i772j2zfbimum97i2vqagvvbipisj8gqkkjsf03flfawanigl0:latest/val_confusion_matrix_table.table.json","log_mode":"IMMUTABLE","sha256":"7df1a5ffbe89e3bbebe8d03c80f53ed5d4d9da9512e089b01f627f25d9fe0b81","nrows":4,"artifact_path":"wandb-client-artifact://h9h2xeojvvojxpzwcinzcmi5vr2m7ntiit1lv79jyxk7sr2oxgin4pn9c92v91hahsdn6gvxs31vjv6ua4odg37wfmwr3pmob4tlb2xjemm135pn1u78u7fci7rpxsp2/val_confusion_matrix_table.table.json","ncols":3,"path":"media/table/val_confusion_matrix_table_3_7df1a5ffbe89e3bbebe8.table.json","size":248,"_type":"table-file"},"fold":2,"_wandb":{"runtime":82},"_runtime":82}