{"train_precision":0.9759704251386322,"val_precision":0.9020979020979021,"_step":26,"epoch":26,"train_recall":0.9777777777777777,"_wandb":{"runtime":142},"val_loss":0.4342437485853831,"_runtime":142,"val_confusion_matrix_table":{"nrows":4,"log_mode":"IMMUTABLE","_latest_artifact_path":"wandb-client-artifact://glq4682m01nm1l6le1fy2l4emoy899avj6qblfonx4xpo09d7m2fpvab8yxrtn1mpbwe6pcwk7fzd3lkoym1owf90ivp3n5b3l9u75pc07jmpukuiq60vksdkw9205bc:latest/val_confusion_matrix_table.table.json","size":248,"sha256":"6db57cc2cd33d1642b75e7ca0606ea02894f9cbc8660242dcabc734d8e4a7b5d","path":"media/table/val_confusion_matrix_table_16_6db57cc2cd33d1642b75.table.json","_type":"table-file","ncols":3,"artifact_path":"wandb-client-artifact://6k8kl20tjukyxqaow1kkshxeyhebafrsg1vm2qdtaxhlzijky79mxtfnm8nstji9jutnarspi7a1i472yp8dh14ajblx7gzfodb0ma0casw8t6yds83uhk4hrty9p6q7/val_confusion_matrix_table.table.json"},"train_accuracy":97.68518518518519,"val_accuracy":88.88888888888889,"train_f1":0.9768732654949122,"_timestamp":1.7678511459627678e+09,"val_recall":0.8896551724137931,"fold":2,"val_f1":0.8958333333333334,"train_loss":0.06773634627461433}