{"train_recall":0.9518518518518518,"val_precision":0.8385093167701864,"val_accuracy":86.66666666666667,"train_f1":0.9625468164794008,"val_confusion_matrix_table":{"artifact_path":"wandb-client-artifact://nqbxy0rumlnsbl6ofz2r12xtq1t3nl9k9no6s9upfqfflz5n6qsnqnwacrxghtblntyflfie5pbgka7ca26dudamguygnofyixb4tp9a1blwsr7618km1ehheowg7afd/val_confusion_matrix_table.table.json","_latest_artifact_path":"wandb-client-artifact://1e05a6lwlrfp9lzs7l5pdwuhpdm81jssmwe28opryo7rt5ep7fg3k4t3xu6ebcxgry649b718bxt1txu9je1tnnqon1i8vepug1ns9qadoswk5lpog6tajxh8fi6a6el:latest/val_confusion_matrix_table.table.json","ncols":3,"_type":"table-file","size":247,"path":"media/table/val_confusion_matrix_table_9_d9a51fbec135499d517e.table.json","log_mode":"IMMUTABLE","sha256":"d9a51fbec135499d517ef7b24e28181bb4c7195bef4c2e77b10dd2aad3ec21c6","nrows":4},"train_accuracy":96.29629629629629,"val_recall":0.9310344827586207,"fold":2,"_timestamp":1.7685841708068032e+09,"val_f1":0.8823529411764706,"epoch":19,"train_precision":0.9734848484848485,"train_loss":0.09667023449120196,"_runtime":112,"val_loss":0.4702870026230812,"_step":19,"_wandb":{"runtime":112}}