{"train_recall":0.962037037037037,"train_f1":0.9620362233415497,"_step":33,"val_f1":0.889041514041514,"val_precision":0.8916323731138547,"train_accuracy":96.20370370370371,"_runtime":143,"val_confusion_matrix_table":{"_latest_artifact_path":"wandb-client-artifact://7onaksiiu0ylrkf1hb5ypzzm855uw5z7ah1ouxfpazfuha0kc4qnuyt6yxq6mmbyq0jk2tdrlomoog2r0mnsjw4txki55xuqzn9b0o07xprpeoptdb8bl5ojgr1yeeeq:latest/val_confusion_matrix_table.table.json","path":"media/table/val_confusion_matrix_table_33_5d8bf0df47b758eb93ee.table.json","nrows":4,"artifact_path":"wandb-client-artifact://6xstca0q344emaxmlhdd7e0lln4q2jnm4q4s6fg27c4bd5y22tgc3idpfqpk0wetbmvv7c6jl0fr68zpfs59mnpny4lwf6m8hp2c2r6648yh4a8vd73or3jrp8vov2dn/val_confusion_matrix_table.table.json","_type":"table-file","log_mode":"IMMUTABLE","sha256":"5d8bf0df47b758eb93ee79666196f6c2202698a4db8d062699ef30d2355c336b","ncols":3,"size":248},"_wandb":{"runtime":143},"fold":2,"epoch":16,"train_precision":0.9620766526622653,"train_loss":0.11330997816879641,"val_accuracy":88.88888888888889,"val_loss":0.3635481869180997,"val_recall":0.8888888888888888,"_timestamp":1.7659603804190233e+09}