{"_runtime":100,"epoch":20,"_wandb":{"runtime":100},"val_precision":0.9078014184397163,"train_recall":0.937037037037037,"val_accuracy":88.88888888888889,"fold":3,"val_recall":0.8827586206896552,"val_confusion_matrix_table":{"log_mode":"IMMUTABLE","_type":"table-file","artifact_path":"wandb-client-artifact://0z2oes9pepw6c0qk1l6i5une07lo0mdx7kbyctzhie9arcb4k6whnt4vb89nothlx6w23cfqwzt6dcwy5yfwarv2pc71z5fi9wnnn05b0ffmp4r0vt2nh90n90mzrtkk/val_confusion_matrix_table.table.json","_latest_artifact_path":"wandb-client-artifact://rujjogqwni5kieyymieah383or4wz6qx4t0y8s4y7jca2g478h22pxyw1qpn2qr4jtq05k4ekeciknsvticah2wlyqz9zxcrfzwrlyxxw3igtyvev64lp52as9veotcx:latest/val_confusion_matrix_table.table.json","size":248,"path":"media/table/val_confusion_matrix_table_10_0c90328216971700ad45.table.json","sha256":"0c90328216971700ad450a094156c308a10bdfc5ed18306c9e5feffdc56164e2","ncols":3,"nrows":4},"train_f1":0.9466791393826005,"train_accuracy":94.72222222222223,"val_loss":0.4761572654048602,"_step":20,"_timestamp":1.7684662578883514e+09,"train_loss":0.1463798081332987,"train_precision":0.9565217391304348,"val_f1":0.8951048951048951}