{"val_f1":0.8686868686868687,"_wandb":{"runtime":267},"_runtime":267,"train_accuracy":93.42592592592592,"val_precision":0.8486842105263158,"val_loss":0.357750803232193,"fold":3,"val_recall":0.8896551724137931,"_step":52,"train_loss":0.19149217890067535,"epoch":52,"train_precision":0.9449715370018975,"val_accuracy":85.55555555555556,"val_confusion_matrix_table":{"sha256":"eb6f599254c0232457c3fcbbbfeda088221e1cc0666af2450efb63132b6626fd","path":"media/table/val_confusion_matrix_table_42_eb6f599254c0232457c3.table.json","log_mode":"IMMUTABLE","_type":"table-file","artifact_path":"wandb-client-artifact://bsddhb7vmkz1gon3hzk9a3gfvafgkuflojaewxmjaudzud8j93h2utgusspth7w21zx8hp97bt5h2o8ymn0pqgtttolwzrwfjr592a0heyzr3kn7ket786sisitl0ced/val_confusion_matrix_table.table.json","nrows":4,"ncols":3,"_latest_artifact_path":"wandb-client-artifact://00frvrufmudtwdyrl04o5ny6fpojly8vs9urcsyb6b0ecqd9t2sckm8jrvz8yb71a0psvqwpjmrk1akggn1n0hbpfg3dnajv3ppmxqc9cng9jq1ggjffg8epwm3kidd0:latest/val_confusion_matrix_table.table.json","size":247},"train_recall":0.9222222222222223,"_timestamp":1.7673720201107876e+09,"train_f1":0.9334582942830365}