{"val_accuracy":86.29629629629629,"_runtime":26,"epoch":9,"val_recall":0.8629629629629629,"val_precision":0.8638380138380137,"train_loss":0.14876022494652055,"_step":9,"val_f1":0.8631043840538165,"train_f1":0.9490729825313472,"_timestamp":1.7653612068129127e+09,"_wandb":{"runtime":26},"train_recall":0.9490740740740741,"train_precision":0.949112578238875,"fold":3,"val_loss":0.3554951051870982,"train_accuracy":94.9074074074074}