{"val_loss":0.4060603802402814,"_runtime":161,"train_loss":0.1389847221699628,"train_f1":0.9517625231910947,"_step":11,"val_recall":0.8689655172413793,"val_confusion_matrix_table":{"nrows":4,"sha256":"edf5ab9af6aac4dc05e3ea0b282ee5390fcc6324befc0117e809446a67b28f1a","artifact_path":"wandb-client-artifact://3d5xwix740bmjft3367rgc17927m2t0eypuqchpedg4y82tw6jxytwgaaaf5pqrxgd3xyzjan12jyvano1qx8qxb44g6mc1ph1zmymqpd6q5zg461d88ymqof46e5xt5/val_confusion_matrix_table.table.json","_type":"table-file","_latest_artifact_path":"wandb-client-artifact://iwzxn3bdi65alkgldzf291nftsdv2bpepjp0cifz2uq43cl4s6nhupxy2089xarvbapk6jt49obdglwlm5kwrae3a0r1z0vnef1z4vcuqortgbxflt1wvujbsrzct2en:latest/val_confusion_matrix_table.table.json","log_mode":"IMMUTABLE","path":"media/table/val_confusion_matrix_table_6_edf5ab9af6aac4dc05e3.table.json","ncols":3,"size":248},"train_precision":0.9535315985130112,"train_accuracy":95.18518518518519,"epoch":11,"_timestamp":1.7661611676071224e+09,"val_f1":0.8811188811188811,"val_accuracy":87.4074074074074,"_wandb":{"runtime":161},"val_precision":0.8936170212765957,"train_recall":0.95,"fold":0}