{"fold":4,"epoch":24,"val_recall":0.8629629629629629,"train_precision":0.9694589339177136,"train_recall":0.9694444444444444,"_wandb":{"runtime":313},"val_accuracy":86.29629629629629,"_step":124,"val_precision":0.8639183294355708,"train_loss":0.07869606651365757,"_timestamp":1.7645774313471897e+09,"_runtime":313.1517691,"val_f1":0.8624666104370236,"train_accuracy":96.94444444444444,"train_f1":0.9694442086744497,"val_loss":0.5158907137811184}