{"val_accuracy":88.19188191881919,"learning_rate":9.765625e-06,"train_accuracy":96.7622571692877,"val_loss":0.36357191867907257,"_timestamp":1.7529348023158774e+09,"_runtime":12476.8148699,"_step":49,"train_loss":0.08189366758212119,"_wandb":{"runtime":12476}}