{"val_precision":0.8666666666666667,"_timestamp":1.7661684128066902e+09,"train_precision":0.9756554307116105,"train_recall":0.9648148148148148,"train_f1":0.9702048417132216,"val_accuracy":87.03703703703704,"_step":16,"train_loss":0.08123373307965019,"fold":2,"train_accuracy":97.03703703703704,"_runtime":94,"_wandb":{"runtime":94},"epoch":16,"val_f1":0.8813559322033898,"val_loss":0.3824056734641393,"val_confusion_matrix_table":{"nrows":4,"_type":"table-file","size":248,"artifact_path":"wandb-client-artifact://iwqdsivciiljfdrhhgiq2w6b9hhdemf8svwui1j1hjylh6s0xacjfa2000dr9tmkufi703jtbvdho4ljkgd4a3wtj0igrcit57otv46oitq5u7upcbvapvilieazc4fb/val_confusion_matrix_table.table.json","sha256":"2a08865aed26a0906ff1f8a632fcf9189877835553bf964caee2683940eb2b89","path":"media/table/val_confusion_matrix_table_6_2a08865aed26a0906ff1.table.json","_latest_artifact_path":"wandb-client-artifact://5rfi882t4bv3lgtiwfybh5e2gyrjtu1ewjx50f4ihormh575bhhfymfh7zg9sgitiuezjzubr2gufq6s0pctddme5q89wwtddpop0cefckwljwppemnlpq4gjnfkzlpu:latest/val_confusion_matrix_table.table.json","log_mode":"IMMUTABLE","ncols":3},"val_recall":0.896551724137931}