{"val_precision":0.8847778596206269,"_runtime":27,"fold":1,"train_accuracy":95.27777777777777,"_timestamp":1.7653611478584316e+09,"val_f1":0.8806951465292232,"_step":9,"train_f1":0.9527728785307804,"epoch":9,"val_loss":0.36490023136138916,"_wandb":{"runtime":27},"train_precision":0.9529657368112282,"val_recall":0.8814814814814815,"train_recall":0.9527777777777777,"train_loss":0.13347512111067772,"val_accuracy":88.14814814814815}