{"val_confusion_matrix_table":{"nrows":4,"ncols":3,"_latest_artifact_path":"wandb-client-artifact://0xhppnrn4b94x8g8899qq0s12sttm0jl2s2alfp21vxv38weceutdwi59oukgej0riy2oaqr69zso0q0wrmesm8lkw87ezytmulywwxwappwbq6p6krjxjrwqrjx7chx:latest/val_confusion_matrix_table.table.json","size":248,"_type":"table-file","path":"media/table/val_confusion_matrix_table_6_a75bf610d8df98aba98d.table.json","sha256":"a75bf610d8df98aba98d8d39c305907f8db10f286cb641fc733743226d27cc0b","log_mode":"IMMUTABLE","artifact_path":"wandb-client-artifact://z4qdz2ld31k0xatg73v8gcpn515lf6gnb9zq0kqrr111nuk7771kimuxepyj5wjq14rvujhazgspezvl8n5oe7lzrmbz6b0erv5qktwdk29n3kh3grrgskxj2errqjpk/val_confusion_matrix_table.table.json"},"train_accuracy":95.74074074074075,"_wandb":{"runtime":116},"_step":16,"val_recall":0.9241379310344827,"fold":1,"train_f1":0.957169459962756,"_timestamp":1.7685606313532755e+09,"epoch":16,"val_loss":0.4549299975236257,"train_loss":0.10507378862662749,"val_accuracy":87.77777777777777,"train_recall":0.9518518518518518,"_runtime":116,"val_precision":0.8589743589743589,"train_precision":0.9625468164794008,"val_f1":0.8903654485049833}