{"_wandb":{"runtime":64},"val_precision":0.8820776904233938,"train_accuracy":97.5925925925926,"train_f1":0.9759255956871837,"_step":24,"_timestamp":1.7645043390321743e+09,"train_loss":0.07277819675139406,"_runtime":64.0656397,"train_precision":0.9759520412642669,"train_recall":0.975925925925926,"val_f1":0.8815858973339289,"val_loss":0.3791431064407031,"val_recall":0.8814814814814815,"val_accuracy":88.14814814814815,"learning_rate":0.005}