{"val_f1":0.8835616438356164,"val_accuracy":87.4074074074074,"val_recall":0.8896551724137931,"epoch":20,"train_precision":0.9756554307116105,"_wandb":{"runtime":113},"train_recall":0.9648148148148148,"_step":20,"val_confusion_matrix_table":{"ncols":3,"sha256":"37312883772d2a860fcdbaa84b514085dfc63f322b94f36e34d0ea5492656c36","nrows":4,"artifact_path":"wandb-client-artifact://wq2bpotolay8mbv6mve2eb3mqah8a76b0z31gpswvm1cbo8tduannsu9x30g87mhxpxkrcvb2tzur5du8t11f0qa81297ssa5uqejzyc87jkooc5hfybya6z8eaqrwhd/val_confusion_matrix_table.table.json","_type":"table-file","path":"media/table/val_confusion_matrix_table_10_37312883772d2a860fcd.table.json","_latest_artifact_path":"wandb-client-artifact://7h15lpt95usye2crewuse9ez5tntwz2rkr0ecw2jgl0fsyc6hzirvondhmak3hngd1yq2jd7zfdwmavytzcei7oxmjjvdpsynbdy0f2fmhzdfwjioy0f9pe78ucrv1qq:latest/val_confusion_matrix_table.table.json","log_mode":"IMMUTABLE","size":248},"train_f1":0.9702048417132216,"_runtime":113,"fold":0,"val_precision":0.8775510204081632,"train_loss":0.08551793604750525,"_timestamp":1.7685822307248821e+09,"val_loss":0.47933363417784375,"train_accuracy":97.03703703703704}