{"_timestamp":1.7659035984174743e+09,"train_accuracy":96.85185185185185,"val_accuracy":86.66666666666667,"_step":20,"train_f1":0.9685184105569636,"fold":0,"val_precision":0.8669560539447566,"val_loss":0.44337505598862964,"val_recall":0.8666666666666667,"train_loss":0.0991890626874837,"train_precision":0.9685249454725029,"_runtime":73,"val_f1":0.8663786737557229,"epoch":20,"train_recall":0.9685185185185186,"_wandb":{"runtime":73}}