{"epoch":52,"_timestamp":1.7673717280819113e+09,"val_accuracy":85.18518518518519,"val_f1":0.8666666666666667,"val_recall":0.896551724137931,"_step":52,"train_recall":0.9111111111111111,"train_f1":0.9265536723163842,"_runtime":224,"train_precision":0.9425287356321839,"train_loss":0.1898424859074029,"val_confusion_matrix_table":{"nrows":4,"_latest_artifact_path":"wandb-client-artifact://msd9go2kw7g1ewiu81x0ju54o66nvt2aubjppl2bob6ex5xiaesc3lum5f7zzvhdgrm2uzv1j1b78y9fzb0m5u8g7zxo6nmgu7kevi2bn7e4evabiylizlkywpexl37b:latest/val_confusion_matrix_table.table.json","log_mode":"IMMUTABLE","path":"media/table/val_confusion_matrix_table_42_8bb447e251b76b6dd9ce.table.json","sha256":"8bb447e251b76b6dd9ce780413ad6a41a5d2a3b82f53d1c2c16b88e603a42310","ncols":3,"size":246,"_type":"table-file","artifact_path":"wandb-client-artifact://z8y3v8tkxiliv76krz0y38tfws1po32ipy4hfo52i9cufqzjsxntam6jtjdvfo31hz5l1on2cz7uab4cnw1sm81qblvlu2ebd2lvq783efx7muhjzo4pp3exov6dpooy/val_confusion_matrix_table.table.json"},"fold":3,"_wandb":{"runtime":224},"val_precision":0.8387096774193549,"train_accuracy":92.77777777777777,"val_loss":0.31048765530188877}