{"epoch":34,"val_precision":0.891156462585034,"val_recall":0.903448275862069,"train_recall":0.9648148148148148,"fold":2,"train_loss":0.09953897209330038,"val_confusion_matrix_table":{"artifact_path":"wandb-client-artifact://25ga53mz61d93u5afbri4md96a9vsxjkkxvc0rym9vmb4tzcrp5pq3vfsrg7vcs7jjgxj07b0yds8yjawfpa5a232bf62p7msssuzmjfqmv9yhtu6yhe4lqz29c8pz64/val_confusion_matrix_table.table.json","path":"media/table/val_confusion_matrix_table_24_7870266916659d2d1d39.table.json","size":247,"nrows":4,"ncols":3,"_type":"table-file","log_mode":"IMMUTABLE","_latest_artifact_path":"wandb-client-artifact://rdmskqltrpxwizzzy47vplheuj9z8yw67unjiss1uiizesggg5p4dgppx8c587xe42dr37w5d2n35n91nmjbyydriq5gc5heln9ix7cghhssnrv83ilfagefygl6y827:latest/val_confusion_matrix_table.table.json","sha256":"7870266916659d2d1d398333db6d5429998a8081485e57ce1f12dde5c22e031e"},"_runtime":23040,"train_f1":0.9594843462246777,"_wandb":{"runtime":23040},"_step":34,"train_precision":0.9542124542124543,"val_f1":0.8972602739726028,"_timestamp":1.768547441888089e+09,"train_accuracy":95.92592592592592,"val_accuracy":88.88888888888889,"val_loss":0.27591140816609067}