{"epoch":17,"train_accuracy":95.83333333333333,"val_recall":0.903448275862069,"val_f1":0.8851351351351351,"fold":0,"val_confusion_matrix_table":{"nrows":4,"path":"media/table/val_confusion_matrix_table_7_0726e1dc2f2521dbde08.table.json","log_mode":"IMMUTABLE","_type":"table-file","_latest_artifact_path":"wandb-client-artifact://lxo5gzvf1bb3aos3gnsnq7kch4dkcim2ju8be2ksgpk1urpeeormx54x57sl6wujp3u2kp9ojcfywo9hf6unjf4prdgpntk9r7vb31gnc3q4moahbexys7qom6eqr6dh:latest/val_confusion_matrix_table.table.json","size":248,"ncols":3,"sha256":"0726e1dc2f2521dbde08de2d320f8fddacb4b7f97f2c4043cc2fc1916652f10b","artifact_path":"wandb-client-artifact://vm1wg3qb5z4271mbg1jy8pgl0zgpqij2r5agw4hmjgy6agdqf1xfhqwak94tznj9dhfzyadr710fb1amlta2bvyxix02ppudp415l6urazzr2ysmf8pmzwelt53mw30d/val_confusion_matrix_table.table.json"},"_step":17,"_timestamp":1.7685827815865016e+09,"train_precision":0.9661016949152542,"train_f1":0.957983193277311,"_wandb":{"runtime":98},"train_loss":0.11216628009622748,"val_accuracy":87.4074074074074,"train_recall":0.95,"val_precision":0.8675496688741722,"_runtime":98,"val_loss":0.5024654194712639}