{"val_precision":0.596555897887324,"_step":11,"val_f1":0.5960247628721637,"val_confusion_matrix_table":{"_type":"table-file","artifact_path":"wandb-client-artifact://bq6ob1yna9syaihc6iimjhitx7ztg5e5d9yrtjwptwvcb9uayf39dc1zejsr89m4q77dggxl2lu74ftg5u8gmlvt8wnuep22ymyng4w5ftze2r8zuqo4v5uiomqi6dap/val_confusion_matrix_table.table.json","nrows":4,"path":"media/table/val_confusion_matrix_table_0_e7be7ec35a2e52d11a70.table.json","_latest_artifact_path":"wandb-client-artifact://sfnazjbrya6ocv9rss2qxgvyi7y1pu0t208mb996n2wuvakoj2zvpgyerl3zpr3s273wpgde3uwkhkkgcnqfr4sr41abkylpgry8x8hk4crcdo9er5de8bjflaktvpr6:latest/val_confusion_matrix_table.table.json","sha256":"e7be7ec35a2e52d11a70ff406135e6354a69a6afec8676107c2a12d9738950bc","size":246,"ncols":3,"log_mode":"IMMUTABLE"},"train_loss":0.13108934682201256,"train_f1":0.9490729825313472,"_runtime":49,"_wandb":{"runtime":49},"epoch":10,"train_precision":0.949112578238875,"val_loss":1.4366758068402607,"fold":0,"train_accuracy":94.9074074074074,"val_recall":0.5962962962962963,"train_recall":0.9490740740740741,"_timestamp":1.7661596228537993e+09,"val_accuracy":59.629629629629626}