{"train_accuracy":96.66666666666667,"train_recall":0.9592592592592593,"train_loss":0.07936423881487413,"fold":2,"_step":19,"val_confusion_matrix_table":{"size":248,"log_mode":"IMMUTABLE","nrows":4,"_latest_artifact_path":"wandb-client-artifact://xzg0cd05cthh837bom7jhqco4gel24n9nl3tk6f81at1ht301gt2yqoi8e50xfrfzvrmzqo29u1w9xev1qdcq3oot9vziosjrzguiihumrz0eiuo8bhys7zuuwxywt3g:latest/val_confusion_matrix_table.table.json","_type":"table-file","sha256":"f6464bff2b27241eaa91a07d52177050b31e30467ca0f73d3a3f7ffbdde1db85","artifact_path":"wandb-client-artifact://fbbag0u3b2s2qt76uetrj3454ssycm4ov8op4z6ghiujbs8m0bsslzunzgjsn5ogz20vggfbijtlr31psyugto6nwj5lssczxy6dgyzui28cuentvaxdioup3ojhzck4/val_confusion_matrix_table.table.json","path":"media/table/val_confusion_matrix_table_9_f6464bff2b27241eaa91.table.json","ncols":3},"train_f1":0.9664179104477612,"_runtime":91,"epoch":19,"_timestamp":1.7675187596222422e+09,"train_precision":0.9736842105263158,"val_precision":0.9014084507042254,"val_f1":0.89198606271777,"val_recall":0.8827586206896552,"val_accuracy":88.51851851851852,"val_loss":0.3481849730014801,"_wandb":{"runtime":91}}