{"train_f1":0.9499072356215214,"val_recall":0.8758620689655172,"train_loss":0.14946624272587625,"_wandb":{"runtime":117},"_step":18,"_timestamp":1.7685868987900436e+09,"train_precision":0.9516728624535316,"fold":2,"val_precision":0.927007299270073,"train_accuracy":95,"_runtime":117,"val_f1":0.900709219858156,"val_confusion_matrix_table":{"nrows":4,"sha256":"dfc93b7c2648eb8a3108217a31494cae8fbd65f994954b361077c1f77dbae876","log_mode":"IMMUTABLE","_latest_artifact_path":"wandb-client-artifact://qdyh30fr7csyh9iy2mz7qdv92tsn5nl99fk4ke79lz9sg565vzhipd85748xcci3te63mwcmmgkedjeyxpbvsamnvmf0pbfvy3fko5prac7khevplgpisj0x5wn970ei:latest/val_confusion_matrix_table.table.json","artifact_path":"wandb-client-artifact://caj7ujahtbj50kgh5rzns3b0eehqyyvre0yfp5a6fpa8o5ezu1i2p5phdmpurpvd1dda0e5fimjrcgrsnex00mv0uytyr3pop9f20vu521apsxikw4lpeaq42wyeujl3/val_confusion_matrix_table.table.json","size":248,"_type":"table-file","ncols":3,"path":"media/table/val_confusion_matrix_table_8_dfc93b7c2648eb8a3108.table.json"},"val_loss":0.3116583824157715,"train_recall":0.9481481481481482,"val_accuracy":89.62962962962963,"epoch":18}