{"train_accuracy":95.18518518518519,"val_recall":0.8592592592592593,"train_recall":0.9518518518518518,"val_accuracy":85.92592592592592,"val_precision":0.8595090722087216,"fold":4,"_runtime":86,"train_precision":0.9520068610634648,"val_loss":0.9055794899662336,"_step":12,"_timestamp":1.7659019958115292e+09,"train_f1":0.951847723570265,"epoch":12,"_wandb":{"runtime":86},"val_f1":0.8589552667421521,"train_loss":0.15466657721183516}