{"train_loss":0.22423789311539044,"_runtime":102,"train_f1":0.9379616332654592,"epoch":13,"train_recall":0.937962962962963,"fold":0,"_wandb":{"runtime":102},"val_precision":0.8470357149602432,"val_accuracy":84.44444444444444,"_step":13,"train_accuracy":93.79629629629629,"val_f1":0.8434123798196056,"_timestamp":1.7659016210892866e+09,"val_loss":0.7462192525466284,"val_recall":0.8444444444444444,"train_precision":0.9380005144473978}