{"train_precision":0.9630201259414743,"train_recall":0.9629629629629629,"fold":2,"val_recall":0.8555555555555555,"val_accuracy":85.55555555555556,"val_loss":0.5545295973618826,"_wandb":{"runtime":55},"_step":14,"val_f1":0.8555136928009863,"train_f1":0.9629618198092533,"_timestamp":1.7659013872063558e+09,"val_precision":0.855495409240438,"train_loss":0.11528553932227871,"_runtime":55,"train_accuracy":96.29629629629629,"epoch":14}