{"train_precision":0.966542750929368,"val_recall":0.896551724137931,"val_f1":0.896551724137931,"epoch":22,"_step":22,"train_loss":0.11523717078803615,"val_loss":0.3754653849949439,"val_precision":0.896551724137931,"train_recall":0.9629629629629629,"train_accuracy":96.48148148148148,"_wandb":{"runtime":119},"train_f1":0.9647495361781077,"fold":2,"val_confusion_matrix_table":{"sha256":"bc8dbbff4ce14fa93c669d106d48ee1df0a7e036d5f98fdd31c442c3ed715506","size":248,"artifact_path":"wandb-client-artifact://2b2yxr0vopv8q7qlsvt0j8dxbtvgxjv5h0mdtnydv0ocm2uqlcbuwxea112s6u3visxal8wonige6e2pf5aas853xfqi9f0gd3zog6modyeit9rwrih13flodj3ok59j/val_confusion_matrix_table.table.json","_latest_artifact_path":"wandb-client-artifact://jqkbcl6yenw1ix2157gdw9wbz6cj6uvztnqwnpudcivut5ybm3av11kws6gj0uh0996qyoqslkm7mpaf8m5qlkdyziftnxj17b3bzhh5vmcmtzs8yunl6ss8ew084bfg:latest/val_confusion_matrix_table.table.json","path":"media/table/val_confusion_matrix_table_12_bc8dbbff4ce14fa93c66.table.json","ncols":3,"log_mode":"IMMUTABLE","nrows":4,"_type":"table-file"},"_timestamp":1.768567083202918e+09,"_runtime":119,"val_accuracy":88.88888888888889}