{"val_loss":0.5802983256677786,"_timestamp":1.7683746380490754e+09,"train_accuracy":96.94444444444444,"val_confusion_matrix_table":{"log_mode":"IMMUTABLE","nrows":4,"_latest_artifact_path":"wandb-client-artifact://xjkbapbnkjxvjzdc708h7zmt5x3nek8ynbtb1shxf36nybvjq2lev9f4halbbc8e6hdiv9w7rguhtc6gpzloqbwyik0sxh10o1ik1xoeo2fahcw2xy130uiju4kx4a6t:latest/val_confusion_matrix_table.table.json","_type":"table-file","artifact_path":"wandb-client-artifact://bn981ttb8lzgjyzrh7i6kpbvtn7ed1xcfoyb45w107dckcmx3jgez30xqbb8c1dlbhbmtsbgp7womcj1gbxufg5w9sga2rzy62raj6urh65nt1ziwdl9gr7jxns8i51f/val_confusion_matrix_table.table.json","path":"media/table/val_confusion_matrix_table_7_13aaadff6e8f54cf0fce.table.json","sha256":"13aaadff6e8f54cf0fce569ba61df3afa94ca0805afebb25ee3a84fa0afe45e1","size":247,"ncols":3},"val_accuracy":88.51851851851852,"fold":1,"val_recall":0.9586206896551724,"_runtime":103,"train_precision":0.975609756097561,"val_precision":0.8475609756097561,"train_loss":0.09093520913103764,"_wandb":{"runtime":103},"train_f1":0.9692451071761417,"val_f1":0.8996763754045307,"epoch":17,"train_recall":0.9629629629629629,"_step":17}