{"_wandb":{"runtime":102},"val_f1":0.8933333333333333,"_timestamp":1.7684628304435835e+09,"val_precision":0.864516129032258,"epoch":17,"train_precision":0.9626865671641791,"train_loss":0.09632521931251342,"fold":3,"train_recall":0.9555555555555556,"val_accuracy":88.14814814814815,"_runtime":102,"train_accuracy":95.92592592592592,"val_loss":0.46836183355613187,"train_f1":0.9591078066914498,"_step":17,"val_confusion_matrix_table":{"_type":"table-file","nrows":4,"ncols":3,"artifact_path":"wandb-client-artifact://3eiq6q28p0md1b1yj2ainsn887baeorzpbczx17zopcgfpi2qddcodxit4s5kt4ah95siz1saq7h4rroka15n1qal5uxyrg6ilkstte363uv1a1mhgj7h0b6hvmrdc83/val_confusion_matrix_table.table.json","sha256":"6716617e9b7ae011e84f63002b6dbdf113164f1110681d432b68d0008bacf0a5","_latest_artifact_path":"wandb-client-artifact://ogxll4m5vh3h30ouqwgqarhax78h006isz9gflsaki8z6my7mo9lb0jlqxxr6e5vu7ps8z2o1pgewht64yzr1zqgx7tawqlwtxounreoi8he6tqdqprx0vf9qvaxeyc0:latest/val_confusion_matrix_table.table.json","log_mode":"IMMUTABLE","size":248,"path":"media/table/val_confusion_matrix_table_7_6716617e9b7ae011e84f.table.json"},"val_recall":0.9241379310344827}