{"_step":99,"val_recall":0.8629629629629629,"train_f1":0.9824066683185421,"train_accuracy":98.24074074074075,"val_accuracy":86.29629629629629,"fold":0,"train_recall":0.9824074074074074,"val_f1":0.8627259566726879,"_wandb":{"runtime":229},"train_precision":0.9824884840045138,"val_precision":0.8630864197530865,"val_loss":0.7950958410898844,"train_loss":0.04403981914352202,"_runtime":229,"_timestamp":1.7653650648005748e+09,"epoch":99}