{"val_recall":0.8814814814814815,"val_loss":0.4786778837442398,"_wandb":{"runtime":43},"train_recall":0.9629629629629629,"_runtime":43,"_timestamp":1.765902401585929e+09,"train_accuracy":96.29629629629629,"train_precision":0.9630645957960595,"val_accuracy":88.14814814814815,"fold":3,"train_f1":0.962960930640913,"_step":15,"val_f1":0.8816184141888367,"epoch":15,"train_loss":0.10900447703897953,"val_precision":0.8826262145499885}