{"val_precision":0.8741721854304636,"_step":19,"val_loss":0.5474239190419515,"_wandb":{"runtime":216},"train_precision":0.9628942486085343,"fold":1,"val_f1":0.8918918918918919,"val_accuracy":88.14814814814815,"_timestamp":1.767849482910804e+09,"train_accuracy":96.20370370370371,"train_recall":0.9611111111111111,"epoch":19,"val_recall":0.9103448275862069,"val_confusion_matrix_table":{"log_mode":"IMMUTABLE","_type":"table-file","ncols":3,"artifact_path":"wandb-client-artifact://c1tpgdahwrz3fy25tyxsg0ppjylpvba12qxj03m5sokrg2qv8lm6wdfrqwjhx7a9mroa3784pfr8bfcc6qvsz8rsxi4re1bwi3mtecksv2whwtycp8eby7udcedr2lo0/val_confusion_matrix_table.table.json","size":248,"path":"media/table/val_confusion_matrix_table_9_7e1f77ffd6cc184c1143.table.json","_latest_artifact_path":"wandb-client-artifact://j3zqh3fva8gkynf4jo7cu30q17jizgibi8ffayfzq1dk51x0jrd0hebl45wpb9mj6nj9c2g11lag7za4bans7io8gbu59ler4xxdd2ljvn3io8e9q2ys2jta69buvidx:latest/val_confusion_matrix_table.table.json","nrows":4,"sha256":"7e1f77ffd6cc184c1143e4debd648be738ef2e6f1a363920063beb3c420d9881"},"train_f1":0.9620018535681186,"train_loss":0.1212429204447703,"_runtime":216}