{"train_loss":0.09927876670421525,"_step":15,"val_accuracy":87.4074074074074,"_wandb":{"runtime":89},"val_recall":0.896551724137931,"_timestamp":1.766165402130869e+09,"val_f1":0.8843537414965986,"val_loss":0.5328982919454575,"train_f1":0.9620721554116559,"_runtime":89,"val_confusion_matrix_table":{"path":"media/table/val_confusion_matrix_table_5_05852f77b40c9c608558.table.json","sha256":"05852f77b40c9c608558c15e91c6be927b96d8ab8ce9b0cc17886b3defda62ab","_latest_artifact_path":"wandb-client-artifact://ljla6pxtpb24mizkwqltcplj8dswo85ei61vxnz9os8j7ma5ifpazd0nf88btx7055wczwirczpbrqz4qb2iq748v1thvt6lll6vmpwdv43hv9tthblx3rwqbxw17r9s:latest/val_confusion_matrix_table.table.json","_type":"table-file","size":248,"log_mode":"IMMUTABLE","nrows":4,"ncols":3,"artifact_path":"wandb-client-artifact://2sr36af3mxk9zd8lcjqljlkvetf1slpjbax7qoh1fpieack87n8pg1f87ydfj0srj5466fonik0bn9t5vyaeb8cnu777zw7p5hp62j8sug60up3mwha5nmsv2lhzddwl/val_confusion_matrix_table.table.json"},"train_recall":0.9629629629629629,"train_accuracy":96.20370370370371,"val_precision":0.87248322147651,"train_precision":0.9611829944547134,"epoch":15,"fold":0}