{"val_precision":0.9,"_timestamp":1.7675189417208302e+09,"train_recall":0.9629629629629629,"val_accuracy":87.77777777777777,"train_accuracy":96.57407407407408,"val_recall":0.8689655172413793,"_runtime":95,"_wandb":{"runtime":95},"val_confusion_matrix_table":{"artifact_path":"wandb-client-artifact://3zz11k1mhjp4fng0xc8megtfy6m62ta944eqsuytjffu4amdxe811wbkwfdf7pe39ndm628164hwmy42zmrw0c3sthhctbkoa785kfcy91qghrdt4jh4tvbqe7jnz62g/val_confusion_matrix_table.table.json","size":248,"ncols":3,"_latest_artifact_path":"wandb-client-artifact://316a9y86kaho0mpf7sx1cf7riktsmeoxobbjdtfmxgsg6ou7ku8qokot4tj79emcg9mttlk1pdvgm9xh5866ddm3sb1ktrzek9k6rw2uwq5oc0pjjmn9cmu3ogzpos7b:latest/val_confusion_matrix_table.table.json","log_mode":"IMMUTABLE","nrows":4,"sha256":"012a163db09a0f0e12cb1640c1bb84fba4b7fc7daeb3edce1ed37a2a9c5c38e1","_type":"table-file","path":"media/table/val_confusion_matrix_table_10_012a163db09a0f0e12cb.table.json"},"fold":4,"train_f1":0.9656453110492108,"epoch":20,"val_loss":0.45960356791814166,"train_precision":0.9683426443202979,"train_loss":0.09736020896922458,"_step":20,"val_f1":0.8842105263157894}