{"fold":3,"epoch":25,"val_recall":0.9310344827586207,"train_precision":0.9720149253731343,"train_loss":0.09297154217281124,"val_f1":0.9090909090909091,"_step":25,"val_confusion_matrix_table":{"artifact_path":"wandb-client-artifact://joxrgyzli7iqocmmruy82abxe8iri3ysg43r4s0yl1nai1z6w0mc5cf1lnbrsjj2asra96kjlf0fb19gs8tdekb3o158mg4m59flwkxtpk45gzuf961by45tsf9yd7pq/val_confusion_matrix_table.table.json","size":248,"nrows":4,"_type":"table-file","path":"media/table/val_confusion_matrix_table_15_51552e760836a36e937c.table.json","ncols":3,"_latest_artifact_path":"wandb-client-artifact://tu9f96rfyfkonpteyal6cwbr9mee88v7320fe4tcheudffxy81pfl1un4ll1er1mth41b4jh7oa8de5fbtp4mdtwzfizm7id2llepme77shmzxuekm4us0e559n2v5ez:latest/val_confusion_matrix_table.table.json","sha256":"51552e760836a36e937cb58d555ccab4222871112142d566a534cc19c2fd3be3","log_mode":"IMMUTABLE"},"train_accuracy":96.85185185185185,"_timestamp":1.7684639520515113e+09,"_wandb":{"runtime":117},"_runtime":117,"train_f1":0.9684014869888475,"val_accuracy":90,"train_recall":0.9648148148148148,"val_loss":0.47576574484507245,"val_precision":0.8881578947368421}