{"val_accuracy":84.44444444444444,"train_f1":0.9159420289855073,"_wandb":{"runtime":58},"fold":4,"val_recall":0.8689655172413793,"epoch":11,"val_confusion_matrix_table":{"path":"media/table/val_confusion_matrix_table_1_d1598bfae7909b493168.table.json","_latest_artifact_path":"wandb-client-artifact://bdx92s8ofzmphoaw1lqwis1i1323v55f9gjju3scj40tm2s5bl74tpgn3ib9hl53s98zrbqod8eshym7l1n4d4z1b21xm6kuf4g6ofgzrnz2aizphhto4dzrazsidysk:latest/val_confusion_matrix_table.table.json","ncols":3,"nrows":4,"artifact_path":"wandb-client-artifact://ace7gh1eggy0nbv2jyvlpnqmvyyz1b6v1fh7c77whfa3wfo44tjksgmbnrbxgyy4kwdcphf4ihh5m1klyimo7el5dzitov2xvuosti0bua99gxai1ptl9h09vfywoltg/val_confusion_matrix_table.table.json","log_mode":"IMMUTABLE","_type":"table-file","size":248,"sha256":"d1598bfae7909b4931681597e90c4c39d3a281b0872262f0f91f9bd3644ec724"},"train_precision":0.9575757575757575,"_runtime":58,"val_loss":2.039037436246872,"_timestamp":1.768562717880269e+09,"train_recall":0.8777777777777778,"val_f1":0.8571428571428571,"val_precision":0.8456375838926175,"_step":11,"train_accuracy":91.94444444444444,"train_loss":0.4824635847048326}