{"_step":24,"train_accuracy":97.31481481481481,"train_precision":0.9775700934579439,"val_confusion_matrix_table":{"sha256":"b356db2b4ed6665eb6027e3a5f3993442f1f6191baaeb903e683ba722c2dfe92","artifact_path":"wandb-client-artifact://jb4pbkqps62ram1794qq05en6ydraipd0jlsh48n4vdlpr031x6v2u3k0ecm4akc3ry9hm6gonsi0omofk6zp0sn8oj2ndlcvwlsvkgvn7172qcj53eldc6hskn1cage/val_confusion_matrix_table.table.json","nrows":4,"_type":"table-file","path":"media/table/val_confusion_matrix_table_14_b356db2b4ed6665eb602.table.json","_latest_artifact_path":"wandb-client-artifact://tirpon0lk099lnx8qfhe2y5v5yw6q5y65zydmmkh8euxv7jr2hvl39ea4quge98fglbxkxrozzfcn67oujl6whvu360k822mczxqp69tofdfhigghlawrisfho9okxhq:latest/val_confusion_matrix_table.table.json","ncols":3,"size":248,"log_mode":"IMMUTABLE"},"val_recall":0.9517241379310345,"fold":1,"val_loss":0.3731708874305089,"_timestamp":1.7678509992871344e+09,"train_loss":0.0869078321213072,"epoch":24,"val_accuracy":89.25925925925925,"val_f1":0.9049180327868852,"train_f1":0.9730232558139534,"_wandb":{"runtime":131},"_runtime":131,"train_recall":0.9685185185185186,"val_precision":0.8625}