{"_runtime":242.2939455,"_step":49,"_timestamp":1.7586353179722202e+09,"precision":0.6827586206896552,"recall":0.6971830985915493,"val_loss":0.9804986005320269,"learning_rate":9.765625e-06,"f1_score":0.6898954703832753,"_wandb":{"runtime":242},"train_loss":0.07099382217925534,"val_accuracy":67.15867158671587,"train_accuracy":97.77983348751157}