{"val_recall":0.9448275862068966,"train_precision":0.9716446124763705,"_wandb":{"runtime":100},"val_loss":0.48736124237378436,"_timestamp":1.7685860259546788e+09,"val_accuracy":85.92592592592592,"train_loss":0.10385587633672086,"train_accuracy":96.20370370370371,"train_recall":0.9518518518518518,"train_f1":0.961646398503274,"epoch":15,"val_precision":0.8203592814371258,"_runtime":100,"_step":15,"val_confusion_matrix_table":{"ncols":3,"size":248,"path":"media/table/val_confusion_matrix_table_5_1a94e1f4305c04ec044e.table.json","sha256":"1a94e1f4305c04ec044ec4a52be97f32332cfa75883e77bf58f5430f140385fc","artifact_path":"wandb-client-artifact://2zufrpi1x7u3nc5yau3nshz88o4fmhtsn6fak4uzuhe4zuntzhlqbim0k0zzlv92s8hfhor3lyqlmtzxt449fkggs4rrboz26zd4r77l3aemp0b029l32sjytzbezszd/val_confusion_matrix_table.table.json","_type":"table-file","_latest_artifact_path":"wandb-client-artifact://dko1sucvzrbkvhorgi9byw7qf6y6uea74lzn9x06c9h6r3veffhv6j928nvrjrn5g066x58kliih3zd8f7w10u9xr7huuf5mej3i8rj0la9xyw5g3rayxvibjmp21xd3:latest/val_confusion_matrix_table.table.json","nrows":4,"log_mode":"IMMUTABLE"},"val_f1":0.8782051282051282,"fold":0}