{"train_f1":0.967592342533507,"train_loss":0.0927717127752575,"train_accuracy":96.75925925925925,"_runtime":148,"fold":1,"val_recall":0.8962962962962963,"val_precision":0.8967439808888971,"train_precision":0.9676070249081763,"_step":37,"val_f1":0.8960723018100067,"val_loss":0.283359309968849,"val_accuracy":89.62962962962963,"_timestamp":1.7659602341337178e+09,"epoch":18,"train_recall":0.9675925925925926,"_wandb":{"runtime":148},"val_confusion_matrix_table":{"artifact_path":"wandb-client-artifact://gbokl4gkdga0j9p3tctv4mh0kos8aksv7gvyan2t4fne8o0bmqiqa9ehmwxsy0hv1jqzgprpkhop9oq4it0vb5wn3j51poaq4rue64e2s16jdy3o0nbfqkzahym44x0w/val_confusion_matrix_table.table.json","path":"media/table/val_confusion_matrix_table_37_ba60fcc94321c0850ec9.table.json","ncols":3,"nrows":4,"sha256":"ba60fcc94321c0850ec9fa995f55b405ea735c9be8c3a6c62ea22d137b909d3f","size":248,"_type":"table-file","log_mode":"IMMUTABLE","_latest_artifact_path":"wandb-client-artifact://lsw31qjx7c1xzjzdyj4hc7i5sx2duaryhdvkjebgoisqd5qultg1yp2akv39q46ja1pkylg8eyaabjqfgv6zzuv7v2zjmktuzp8g1a4juvwmpsgevm8qdk6kpg0fw53m:latest/val_confusion_matrix_table.table.json"}}