{"train_recall":0.9388888888888889,"epoch":13,"train_accuracy":94.62962962962963,"val_precision":0.7784090909090909,"_timestamp":1.7683785917817602e+09,"val_recall":0.9448275862068966,"_step":13,"val_accuracy":82.5925925925926,"_runtime":125,"train_f1":0.9458955223880597,"fold":3,"_wandb":{"runtime":125},"train_precision":0.9530075187969925,"val_f1":0.8535825545171339,"val_confusion_matrix_table":{"_type":"table-file","sha256":"4ab085d3703e4151bb0866e78ce384826485410ba5fb1f1cb7a04cb4efb04928","artifact_path":"wandb-client-artifact://9ho63fcikabrokin1hbxk76d4omd8ehgywyentiv0dak1s7nh9mk3jgevg8op6sm90w9eh1g9mgsdjkdicd8v44047mjuov0m6h96dl6oua0qt8kypi914kwvlvmin5k/val_confusion_matrix_table.table.json","ncols":3,"nrows":4,"_latest_artifact_path":"wandb-client-artifact://sde1ouenricizopu3kzaawb7l0wjqhirwilgj84w03pmqmq9zx7h9uvj4dhyas5szejsyitrncqc2enabrypegw3dglfbojl1bbcla04ooc73z48f6w2mxg77cps32or:latest/val_confusion_matrix_table.table.json","size":248,"log_mode":"IMMUTABLE","path":"media/table/val_confusion_matrix_table_3_4ab085d3703e4151bb08.table.json"},"val_loss":0.8989797855416933,"train_loss":0.17443150396204807}