{"_step":16,"train_accuracy":96.11111111111111,"val_loss":0.3824728913605213,"train_loss":0.1097583429549228,"val_precision":0.8847778596206269,"val_f1":0.8806951465292232,"train_precision":0.9612692967409948,"_runtime":45,"val_accuracy":88.14814814814815,"fold":1,"_timestamp":1.765901050755935e+09,"epoch":16,"_wandb":{"runtime":45},"train_f1":0.9611077767298294,"val_recall":0.8814814814814815,"train_recall":0.9611111111111111}