{"train_f1":0.972972972972973,"val_loss":0.4294971128304799,"train_precision":0.9793621013133208,"train_accuracy":97.31481481481481,"_step":27,"val_recall":0.896551724137931,"epoch":27,"val_f1":0.8843537414965986,"val_confusion_matrix_table":{"artifact_path":"wandb-client-artifact://vmt2orpg200o1ftk424s6lhb0aix6asxqua20duw8t2ynm3v0obvtwfkj6l96ch1kmpidyee0jkmgqy7il7h346589agnjqk272s6z04ax634om5455phus7e3blkqt6/val_confusion_matrix_table.table.json","sha256":"f6e7b22bded222bded1a2419302f105adc06dd03af25645bad250a956e400603","nrows":4,"ncols":3,"size":248,"_type":"table-file","path":"media/table/val_confusion_matrix_table_17_f6e7b22bded222bded1a.table.json","_latest_artifact_path":"wandb-client-artifact://tsoffix596qlqahfpfi4rfufjwulzfve3vhklm45ozkmfoz90ki2n03jx1gwdf79tffw1msso1yxid4o5fn628bnn26dmxznashb7xz2cejy245yg1kf542d90l0ogd7:latest/val_confusion_matrix_table.table.json","log_mode":"IMMUTABLE"},"_timestamp":1.767356738324794e+09,"train_loss":0.07471507821570743,"_wandb":{"runtime":129},"fold":3,"val_precision":0.87248322147651,"val_accuracy":87.4074074074074,"_runtime":129,"train_recall":0.9666666666666667}