{"val_loss":0.30684056257208187,"val_precision":0.881850017416827,"_timestamp":1.7659597264181957e+09,"val_confusion_matrix_table":{"sha256":"af15f5b09efdccd6a5a4dba0ad9449aa85ffa4d7bac0da17ccf6f607c1f55d25","_latest_artifact_path":"wandb-client-artifact://77slwylqi22kv829k69bgxrd07fr2sv6upclpwj1pwy92ykthh7t3urq9bx5bdetyqpmiowhqomepwz4rrvr9akvv4gt5v9532l7caio7fyzr4gd7m50fpbebuqdjx2q:latest/val_confusion_matrix_table.table.json","log_mode":"IMMUTABLE","nrows":4,"path":"media/table/val_confusion_matrix_table_37_af15f5b09efdccd6a5a4.table.json","size":176,"_type":"table-file","artifact_path":"wandb-client-artifact://f1ezspx59zdlk1cjjxdqk2ecg8ovwk5foz6zkr72gc9lik368v0463pciu3zzucgcey6d1fu78657t20f6vtxfrkskx428s9imvhm4a5jamh035vefod1qwut3g665jh/val_confusion_matrix_table.table.json","ncols":3},"train_f1":0.9638873718117446,"val_accuracy":88.14814814814815,"val_f1":0.8812254877828648,"train_precision":0.963966853140617,"epoch":18,"train_accuracy":96.38888888888889,"val_recall":0.8814814814814815,"_runtime":149,"_wandb":{"runtime":149},"train_loss":0.10164796427654271,"_step":37,"fold":3,"train_recall":0.9638888888888889}