{"val_recall":0.9172413793103448,"_wandb":{"runtime":103},"train_precision":0.9581749049429658,"_runtime":103,"val_loss":0.6453199336926142,"train_recall":0.9333333333333333,"train_f1":0.9455909943714822,"val_confusion_matrix_table":{"_type":"table-file","path":"media/table/val_confusion_matrix_table_2_de21f6e7ba39dc424762.table.json","ncols":3,"_latest_artifact_path":"wandb-client-artifact://4uv9jdg2hodtvpkbozezvf6snrjus1d9993w6h27o80ae9cehfd07529pehg2sgminxzk5b6605xfr4pbrc6lgdp9pyn332zvues20rd3xa7impk70b2ae4dzy5uk7fe:latest/val_confusion_matrix_table.table.json","nrows":4,"artifact_path":"wandb-client-artifact://3qaw2e9y4kaltcwb09qyn2hax1d8rmzoi4ry1ziey12qixvm6rls1wyc9lgpavggiews46duqr57f7uhb7u4rc4q27seuh2hahubcqd3jcy19r7crbrdzstxbc3eu1dd/val_confusion_matrix_table.table.json","log_mode":"IMMUTABLE","sha256":"de21f6e7ba39dc42476208348af8802dc91ba86fcff85a670837048072fe0526","size":248},"_timestamp":1.7683784632518551e+09,"epoch":12,"train_loss":0.19529272891073066,"val_f1":0.8926174496644296,"val_precision":0.869281045751634,"val_accuracy":88.14814814814815,"train_accuracy":94.62962962962963,"_step":12,"fold":2}