{"val_loss":0.45883777489264804,"_runtime":89,"val_f1":0.8707482993197279,"val_precision":0.8590604026845637,"val_recall":0.8827586206896552,"_timestamp":1.768582626381702e+09,"val_accuracy":85.92592592592592,"train_recall":0.95,"train_f1":0.9517625231910947,"_wandb":{"runtime":89},"train_precision":0.9535315985130112,"train_accuracy":95.18518518518519,"_step":17,"train_loss":0.1419950948858803,"epoch":17,"val_confusion_matrix_table":{"nrows":4,"_latest_artifact_path":"wandb-client-artifact://m3c83kob98c1bpqs5btud4kg3vo0ca5yz7hvkwrjc8ddmqom83ckzq9jhq1qek482h4frqbjisec3lfqfwqqvklx41rlqd0t8gawaj13d72432deoe5ijppg4av5lfgc:latest/val_confusion_matrix_table.table.json","artifact_path":"wandb-client-artifact://jxtgyhlix3sue1kfzq6lfu66ohh9i2xv0q0fbf1px03ii4rkbdwkqwc3rf5k2ryvzo9ff7cc7l5635wtm6mo2xekrqx7ctew7ahiydcdsbbd1b8z238r3rluywt0tm3m/val_confusion_matrix_table.table.json","path":"media/table/val_confusion_matrix_table_7_28ef4e59f35a500bebb7.table.json","log_mode":"IMMUTABLE","size":248,"ncols":3,"sha256":"28ef4e59f35a500bebb759cf274b991069909ead36f3839e9fecf9414ff20af4","_type":"table-file"},"fold":4}