{"fold":4,"val_loss":0.386285459001859,"train_precision":0.9810964083175804,"_timestamp":1.7685568783612146e+09,"val_confusion_matrix_table":{"nrows":4,"artifact_path":"wandb-client-artifact://ezgw727e14p0xwfljg0woufpbow0gfcctrjn8ktladfymprifpcwkvs59ekr8ke8cliflegb0ue9m71h5r06i4oy89a9jmvd1k58y5fl9mtf35r0shkewbuepncpxtqa/val_confusion_matrix_table.table.json","path":"media/table/val_confusion_matrix_table_17_b6bfeac10e8560b7ed95.table.json","log_mode":"IMMUTABLE","ncols":3,"size":248,"_type":"table-file","sha256":"b6bfeac10e8560b7ed950fe99322b18378732b15177b2d35025216c0a1c318b0","_latest_artifact_path":"wandb-client-artifact://ygu5cotct622dm4zlmxv3prq4fbnt2b3m5e3g4uspovkfhszqpqkhrkijehmmikwkdzcwrm3mknw1tyq1apq3gmr96ib6bubn00rqqzdra6cbyooig2hy7cgkaf8z2v3:latest/val_confusion_matrix_table.table.json"},"train_loss":0.08584392561831257,"train_accuracy":97.12962962962963,"val_recall":0.8827586206896552,"train_recall":0.9611111111111111,"epoch":27,"val_accuracy":85.55555555555556,"train_f1":0.971000935453695,"val_precision":0.8533333333333334,"_runtime":4142,"val_f1":0.8677966101694915,"_step":27,"_wandb":{"runtime":4142}}