{"_timestamp":1.7628797331892118e+09,"train_f1_score":0.982407030329011,"learning_rate":0.00125,"_step":24,"val_accuracy":88.51851851851852,"_runtime":303.8666249,"train_accuracy":98.24074074074075,"_wandb":{"runtime":303},"train_loss":0.04459979256866705,"val_loss":0.4873101119061603,"val_f1_score":0.8843441977031096}