{"_runtime":46,"train_f1":0.9694442086744497,"_wandb":{"runtime":46},"train_precision":0.9694589339177136,"fold":4,"_step":17,"train_accuracy":96.94444444444444,"val_recall":0.8777777777777778,"train_loss":0.0894365193830295,"val_accuracy":87.77777777777777,"val_f1":0.8777423554469884,"train_recall":0.9694444444444444,"val_precision":0.8777311336966662,"_timestamp":1.765901201566508e+09,"epoch":17,"val_loss":0.46250752607981366}