{"val_accuracy":86.29629629629629,"_wandb":{"runtime":269},"val_loss":0.35770036404331523,"val_recall":0.9172413793103448,"_step":43,"epoch":43,"train_loss":0.16191056743264198,"_timestamp":1.7684636321358492e+09,"_runtime":269,"train_accuracy":93.51851851851852,"val_f1":0.8778877887788779,"val_confusion_matrix_table":{"_type":"table-file","_latest_artifact_path":"wandb-client-artifact://0450dxi2xwrb0d77i29skppnafksg48qklg6wc10o0cw4j8e4uw36o5ut5q3ifai40l936rir1is8m0jmzt1yaxc9a91sgzc1ebr0xh83iyun5a9e6ujqcog4rurzekk:latest/val_confusion_matrix_table.table.json","log_mode":"IMMUTABLE","artifact_path":"wandb-client-artifact://ni2r3zee97t9cusb0pz3kuelbhsuvs1hvijgl5lmnmyg8fj8i27hb05to9uw0g657sfdx1lxowtvxzj5nwff9l7jpus7uy54726t7hgpg0quxw94q5gibjw1t3lsbsr7/val_confusion_matrix_table.table.json","ncols":3,"path":"media/table/val_confusion_matrix_table_33_37312883772d2a860fcd.table.json","nrows":4,"size":248,"sha256":"37312883772d2a860fcdbaa84b514085dfc63f322b94f36e34d0ea5492656c36"},"fold":3,"val_precision":0.8417721518987342,"train_precision":0.9368029739776952,"train_recall":0.9333333333333333,"train_f1":0.935064935064935}