{"val_loss":0.5001947730779648,"train_f1":0.9561157796451915,"val_accuracy":87.4074074074074,"_step":14,"train_loss":0.13061589118933625,"epoch":14,"val_precision":0.8775510204081632,"val_confusion_matrix_table":{"_latest_artifact_path":"wandb-client-artifact://xrn5suwmn65qknr9fkq0y29j9dyj6n0indfaasa7tt6rzzriw3u03hr6e3qav9zbkq1ywti4h81kw3p9hndyx8k9p4nb0k1uklf0bej4hc3snrnonbw8ebkdudr9mqyo:latest/val_confusion_matrix_table.table.json","_type":"table-file","sha256":"edb9b34d4adf47b7201a086ee8990d09ebc9a38edf7be59ff19a715974533864","path":"media/table/val_confusion_matrix_table_4_edb9b34d4adf47b7201a.table.json","nrows":4,"log_mode":"IMMUTABLE","size":247,"artifact_path":"wandb-client-artifact://w7jx5x70ihvu05lyf3lua98xct62c6olr3sq581v58wmpu9d8nrje2ypve6yvo4qxihtk6jm8w7g03c46zy4tore33oqv05gna1a7gq4p2mluisstqr6416e3c0gu5gv/val_confusion_matrix_table.table.json","ncols":3},"train_accuracy":95.64814814814815,"fold":4,"_runtime":112,"val_recall":0.8896551724137931,"train_precision":0.9642184557438794,"_timestamp":1.768558920661881e+09,"val_f1":0.8835616438356164,"_wandb":{"runtime":112},"train_recall":0.9481481481481482}