{"train_loss":0.851790788160129,"val_loss":2.347304085890452,"val_recall":0.8137931034482758,"val_accuracy":83.70370370370371,"train_f1":0.8753680078508341,"fold":3,"val_f1":0.8428571428571429,"val_precision":0.8740740740740741,"_step":11,"_runtime":47,"train_precision":0.9311064718162839,"_timestamp":1.7684632538553376e+09,"epoch":11,"train_accuracy":88.24074074074075,"val_confusion_matrix_table":{"ncols":3,"path":"media/table/val_confusion_matrix_table_1_cabda49378ad5329f49b.table.json","sha256":"cabda49378ad5329f49b57e6d1f83640d43a18bc29d58053c90107d41df42f98","size":247,"nrows":4,"artifact_path":"wandb-client-artifact://whks8f5s5xzu1xa0ex681nby9ily7gh8ewm7gyetsg2qkr1rsl81deq869xtwbwgvjfxjmbwxe4253otbej36f59gcmgsrsuii4j4vdy9pppatug3je8ybadj6k1vcsp/val_confusion_matrix_table.table.json","log_mode":"IMMUTABLE","_latest_artifact_path":"wandb-client-artifact://0ny3x1g08kp8jfkukcwcfkldlqkus6ty9y3scd7d4br0pawnsw9nrkhyrpv46a0bj2bttx2aquys6rv1fv4aj218ja4l7hmdm53srl7bwfyw9108jvjdct4dgds7qf5a:latest/val_confusion_matrix_table.table.json","_type":"table-file"},"_wandb":{"runtime":47},"train_recall":0.825925925925926}