{"train_recall":0.9648148148148148,"_wandb":{"runtime":156},"val_accuracy":89.62962962962963,"val_loss":0.4762042587002118,"train_accuracy":96.75925925925925,"_step":25,"epoch":25,"train_f1":0.9675023212627669,"val_precision":0.8874172185430463,"val_recall":0.9241379310344827,"fold":3,"_runtime":156,"train_precision":0.9702048417132216,"val_confusion_matrix_table":{"size":248,"ncols":3,"path":"media/table/val_confusion_matrix_table_15_96e4b4d67cf5a27083ef.table.json","sha256":"96e4b4d67cf5a27083ef21a50360c4f809887516a3ff009c2d3ba4cf263b03b1","artifact_path":"wandb-client-artifact://llecdj4qtxwavfrst3n8z0xegsb3ial652pkl7pqij1jkkf17z4kgqh6htx9pnxh3rw89nn4481r7fmyrbtb7765thyg6q9tzlu51w319zdvkoiss4u724otgxq31ict/val_confusion_matrix_table.table.json","_type":"table-file","log_mode":"IMMUTABLE","nrows":4,"_latest_artifact_path":"wandb-client-artifact://8kjv626vxiz4agyxpai7emkfitdidpiv4p13nyghvvce2y445yld931jwo361ua8r3ytc9rjl64fh8s40p8cx05a0mir5ml5d7wf6y4984fjtqmn27gqelfcv3w3ob9o:latest/val_confusion_matrix_table.table.json"},"train_loss":0.07000910262153907,"_timestamp":1.7685864187730699e+09,"val_f1":0.9054054054054054}