{"val_accuracy":85.92592592592592,"_wandb":{"runtime":55},"train_accuracy":95.83333333333333,"train_recall":0.9583333333333334,"val_precision":0.8594933791784186,"epoch":14,"_runtime":55,"train_loss":0.11236552411521022,"train_precision":0.9583726313984395,"_timestamp":1.7659027609301836e+09,"val_f1":0.8593290711346268,"val_recall":0.8592592592592593,"val_loss":0.7950715025266012,"fold":4,"train_f1":0.9583324402529203,"_step":14}