{"_timestamp":1.7645042729576988e+09,"train_recall":0.9768518518518519,"_wandb":{"runtime":63},"train_precision":0.9768534871518764,"train_f1":0.976851832006029,"val_loss":0.5521290153264999,"_runtime":63.0234766,"val_accuracy":85.55555555555556,"train_loss":0.07927060876549645,"val_f1":0.855593389609574,"val_precision":0.855654761904762,"learning_rate":0.005,"val_recall":0.8555555555555555,"_step":24,"train_accuracy":97.68518518518519}