{"fold":3,"val_confusion_matrix_table":{"path":"media/table/val_confusion_matrix_table_4_b6f60c07aeb582ed2c3e.table.json","size":248,"_type":"table-file","log_mode":"IMMUTABLE","sha256":"b6f60c07aeb582ed2c3e56c73a16d84112f1d1ce62d5638aa541b4349e9ff97d","nrows":4,"ncols":3,"artifact_path":"wandb-client-artifact://vdzs7j4mci7ymzdpilpxl328qex4r7tf5gf5abg05cxfgjq95aw8b1tff99soqrjq6ypn50h7wngw3c01hii6mztiqk5s8bjhvml8seaeelzvl8c4jqcu0m78cj69rqe/val_confusion_matrix_table.table.json","_latest_artifact_path":"wandb-client-artifact://r0onuwyacam9jriav39j7ux6u69y1dfc606150rlbrlbvjwvztw8fshzmovzdxsvgq93ti3tzkv89ev81efl7vcpbzxq444hilw5ah7d54tx00o3lwn9723h1yzc6df5:latest/val_confusion_matrix_table.table.json"},"train_accuracy":96.48148148148148,"_wandb":{"runtime":74},"_timestamp":1.768466073305738e+09,"val_precision":0.8904109589041096,"train_precision":0.9682835820895522,"_step":14,"train_f1":0.9646840148698885,"val_accuracy":88.51851851851852,"_runtime":74,"val_recall":0.896551724137931,"epoch":14,"val_loss":0.38907939443985623,"train_loss":0.08936489221047271,"val_f1":0.8934707903780069,"train_recall":0.9611111111111111}