{"train_f1":0.9655172413793104,"val_accuracy":86.66666666666667,"val_confusion_matrix_table":{"artifact_path":"wandb-client-artifact://s42isaxw3y530mud3pnp7hmmrbw28hz1vb68domwy7z19kdxq9gsa7uq5yyxzptf01eybsp6gwfq1knihrenj9gen0899jvtcmp0xce7lq3pmgsasgbnurswwa3v17of/val_confusion_matrix_table.table.json","_type":"table-file","size":248,"sha256":"8e3ce63fa059f8627e664f500eb64cf01ea1d5657a4cccfeb93f2f1ec3c3ca8f","log_mode":"IMMUTABLE","_latest_artifact_path":"wandb-client-artifact://xa3t3kw9ela4pis3opjimgcu6ven8sm9e37q6bprxta1p2mzn1ic10kfewqgea6qsn0araocflrnze4fb39eclvdxy6bu02ypexc6o9oqbzkca2xnwso2h3ovrvs8kt0:latest/val_confusion_matrix_table.table.json","path":"media/table/val_confusion_matrix_table_16_8e3ce63fa059f8627e66.table.json","ncols":3,"nrows":4},"_runtime":166,"_step":26,"val_recall":0.9172413793103448,"train_loss":0.11022071946750987,"fold":2,"_timestamp":1.7685608011877654e+09,"train_precision":0.9718574108818011,"epoch":26,"val_loss":0.4692843556404114,"train_accuracy":96.57407407407408,"val_f1":0.8807947019867549,"_wandb":{"runtime":166},"val_precision":0.8471337579617835,"train_recall":0.9592592592592593}