{"val_f1":0.8745762711864407,"train_precision":0.9684601113172542,"epoch":27,"_timestamp":1.7673736953916323e+09,"train_loss":0.09748830578543922,"val_confusion_matrix_table":{"path":"media/table/val_confusion_matrix_table_17_c8eff754d196d88cef1d.table.json","log_mode":"IMMUTABLE","_type":"table-file","size":248,"sha256":"c8eff754d196d88cef1d35a6d8f97874c91613c81fa67cbb15faa4cefaa6542f","artifact_path":"wandb-client-artifact://i5xooc6vyz8434mr56iqg7s0fxz90v57vv55hdw386hgkqfm8isa7un2yi0q5el9ykfaww5m8o0c72ng9shv4xdcpb6iwo3ulem32f924rn4q4ypb78we0rxrulgltnv/val_confusion_matrix_table.table.json","_latest_artifact_path":"wandb-client-artifact://xijkk078jl6lxmiq09tx5murb5w7e0castxaj9qn1o2z8ktwhnz1he8wwz55a8ygyg447y8g7frtu7frq2idj8e9k0v533rrp8v35hi5uotrz9wg2n2h93nf5z4a0svg:latest/val_confusion_matrix_table.table.json","nrows":4,"ncols":3},"val_accuracy":86.29629629629629,"fold":3,"val_recall":0.8896551724137931,"_step":27,"val_loss":0.4237406551837921,"val_precision":0.86,"train_accuracy":96.75925925925925,"train_recall":0.9666666666666667,"_runtime":115,"_wandb":{"runtime":115},"train_f1":0.9675625579240037}