{"_runtime":43,"_timestamp":1.7660663619525855e+09,"_step":13,"fold":0,"val_loss":1.2280069788297017,"best_epoch":1,"val_recall":0.6185185185185185,"epoch":11,"_wandb":{"runtime":43},"val_f1":0.6175195022931649,"train_precision":0.9565131798465132,"train_accuracy":95.64814814814815,"train_loss":0.11782946530729532,"train_recall":0.9564814814814815,"val_confusion_matrix_table":{"nrows":4,"artifact_path":"wandb-client-artifact://wi1vzs10qwzeec7c8je4p7m33et8wi8y4cpihhi4vzcp76ld9qtz7atovrv5hiytz5pjxouxrh2jujnx636ryi7sx0dfwa5lnfr0bj6auqtzm1pxlsj0xqoxc4s5mjm8/val_confusion_matrix_table.table.json","log_mode":"IMMUTABLE","_type":"table-file","_latest_artifact_path":"wandb-client-artifact://fsgdgp5q70nf36yuw7f8qmmbg8kjbsegpt53dpflxgubwgmh5coiskyyhow0cxryztlfk7qi23jyajxwnb5iatu7bf9ci5rt2p289zlnxuhnrlgzx7uys4f0nhohzaan:latest/val_confusion_matrix_table.table.json","size":247,"ncols":3,"sha256":"eab09dcd837d25e68c4bb6d83b6dcfbd682b03f8f77d00a9b39a9408f30b4b8d","path":"media/table/val_confusion_matrix_table_2_eab09dcd837d25e68c4b.table.json"},"train_f1":0.9564768152167091,"val_precision":0.6173534707767536,"best_val_loss":0.6391611248254776,"val_accuracy":61.851851851851855}