{"val_recall":0.8896551724137931,"train_accuracy":96.75925925925925,"val_confusion_matrix_table":{"size":248,"ncols":3,"log_mode":"IMMUTABLE","_type":"table-file","sha256":"b6bfeac10e8560b7ed950fe99322b18378732b15177b2d35025216c0a1c318b0","_latest_artifact_path":"wandb-client-artifact://mvh24mfswadiluj6wkn200x4mmkg41713gnt42s6img1uwjwaa0k8dkhf87vz6axqnyl1v0air1x05yjjbdv4xnh0fpalf7acw8daz3k2h4q4ea18n512nsrpncqnnit:latest/val_confusion_matrix_table.table.json","artifact_path":"wandb-client-artifact://l6i66e4vwljctwhn36z8sgicbdieuiztjrtjt3zuhwwi3dnt7za6oty1pmm7y44zumgb4soicwxhwvv4hvh0pepaejicxvkz3bouqkrvqrutpthx7r1bqyway2iptar4/val_confusion_matrix_table.table.json","nrows":4,"path":"media/table/val_confusion_matrix_table_5_b6bfeac10e8560b7ed95.table.json"},"epoch":15,"val_accuracy":87.4074074074074,"val_precision":0.8775510204081632,"fold":4,"_timestamp":1.7685857384572918e+09,"_runtime":98,"train_recall":0.9648148148148148,"train_f1":0.9675023212627669,"_wandb":{"runtime":98},"val_loss":0.5038398380080858,"_step":15,"train_precision":0.9702048417132216,"val_f1":0.8835616438356164,"train_loss":0.09931893892247569}