{"train_loss":0.10645551738244566,"val_confusion_matrix_table":{"log_mode":"IMMUTABLE","_latest_artifact_path":"wandb-client-artifact://phcmnesstkkvmb4tvpmyqz05bky61bnvhbkb87o6ivrmfsjljm0drj5mvhp57ag2nxcf211jtcokp4fql85zhl6ibcug5zjj4msld8y1oxfjkofsbm13xx7zcbwpoo8v:latest/val_confusion_matrix_table.table.json","size":247,"nrows":4,"artifact_path":"wandb-client-artifact://7bshqbz2pei7hbnfbdddv92nsgp8lpaajue8pn53swacltu7pb15etyn5qj6xkof33xbferywdutr5fmpb282sb603jw2cu3wizr3j9ez602nxcbxezi0zkh61obu7zc/val_confusion_matrix_table.table.json","ncols":3,"_type":"table-file","path":"media/table/val_confusion_matrix_table_8_275f16647f6b470782c1.table.json","sha256":"275f16647f6b470782c15924cfde91d930083f43e2b8912cc8c7d8c84eca1e12"},"train_recall":0.9666666666666667,"_runtime":61,"val_accuracy":83.33333333333333,"val_f1":0.832896869933907,"epoch":14,"train_accuracy":96.66666666666667,"val_loss":0.5542939106623331,"_step":19,"fold":0,"val_recall":0.8333333333333334,"train_f1":0.9666662094130233,"train_precision":0.9666922739244952,"best_val_loss":0.3635221819082896,"val_precision":0.8335935176925364,"_wandb":{"runtime":61},"_timestamp":1.7660673473546777e+09,"best_epoch":4}