{"val_precision":0.85,"train_recall":0.9481481481481482,"epoch":52,"val_confusion_matrix_table":{"artifact_path":"wandb-client-artifact://41ynoqo2tlbo737hvmc8utcdusvf2spf6efnxye9zmr2dft06esmgg4w7b7iywgybuz1dc0cgjiobwxnzdsteczrwttoyks8t600hwv883va0yw30eg3jsmtwf6rruc1/val_confusion_matrix_table.table.json","sha256":"0e1e5300242fb58416f1ea8fa0250622c595c6935bb9bbabcec9ad5c605e4bf4","_type":"table-file","_latest_artifact_path":"wandb-client-artifact://hz5gyxbv0uvztfp6h29j1dtlllaq7q3qo3tebs4dl4l2igi3aztbwk8af0gmv2ltdxvwv7p06bbqu5x6cq1mwf1f2tytdvea581su1fzqvhtjz7hgs0bgfopwv59ssnb:latest/val_confusion_matrix_table.table.json","ncols":3,"nrows":4,"log_mode":"IMMUTABLE","path":"media/table/val_confusion_matrix_table_42_0e1e5300242fb58416f1.table.json","size":247},"train_precision":0.9624060150375939,"_timestamp":1.7673646295783956e+09,"val_loss":0.27707523107528687,"train_f1":0.9552238805970149,"_wandb":{"runtime":277},"train_accuracy":95.55555555555556,"fold":3,"_step":52,"val_f1":0.8918032786885246,"val_accuracy":87.77777777777777,"_runtime":277,"val_recall":0.9379310344827586,"train_loss":0.1377200037240982}