{"train_f1":0.9648117979936551,"_wandb":{"runtime":65},"val_precision":0.8979377694665213,"_timestamp":1.7659013285237641e+09,"train_precision":0.9649742710120071,"fold":1,"val_f1":0.8958641975308642,"_step":15,"epoch":15,"_runtime":65,"val_accuracy":89.62962962962963,"train_recall":0.9648148148148148,"val_loss":0.423498185351491,"train_accuracy":96.48148148148148,"val_recall":0.8962962962962963,"train_loss":0.10732214897871017}