{"_wandb":{"runtime":63},"train_precision":0.9703703703703703,"val_f1":0.8889440035273369,"train_f1":0.9703703703703703,"train_loss":0.0832297510086474,"val_accuracy":88.88888888888889,"train_recall":0.9703703703703703,"learning_rate":0.005,"train_accuracy":97.03703703703704,"_step":24,"val_recall":0.8888888888888888,"val_loss":0.37548550466696423,"val_precision":0.8890969048449364,"_timestamp":1.7645042078411422e+09,"_runtime":63.0829442}