{"train_recall":0.9444444444444444,"val_recall":0.9586206896551724,"train_precision":0.9751434034416826,"train_accuracy":96.01851851851852,"_wandb":{"runtime":89},"val_precision":0.8580246913580247,"_step":17,"train_loss":0.1337493189017881,"epoch":17,"_timestamp":1.7684657614846036e+09,"val_loss":0.4296993836760521,"fold":3,"_runtime":89,"val_confusion_matrix_table":{"nrows":4,"artifact_path":"wandb-client-artifact://8x8l9y1wq9rplkl53zzaotbwo3jsmnayqo6yb97zkojzgp14r0yy4ld0bq90x8c0gwfs10acdnrxb0v6lwv02jzuwnfq76ysonhc23nwbxseive6g9x6s60ovro6326i/val_confusion_matrix_table.table.json","log_mode":"IMMUTABLE","_type":"table-file","_latest_artifact_path":"wandb-client-artifact://qahuoqg5ozji7rtndt56dr0zvj0bxf2pu6s6xsltbwqqvktkj1213o3n0vuzqw8wo1hkc9f2zrd9t18z191byh2kxyky7blevtqgqqnc8qz84uqygp3bl05clm2105yf:latest/val_confusion_matrix_table.table.json","ncols":3,"sha256":"0726e1dc2f2521dbde08de2d320f8fddacb4b7f97f2c4043cc2fc1916652f10b","path":"media/table/val_confusion_matrix_table_7_0726e1dc2f2521dbde08.table.json","size":248},"train_f1":0.9595484477892756,"val_f1":0.9055374592833876,"val_accuracy":89.25925925925925}