{"_timestamp":1.766164223167157e+09,"train_accuracy":97.03703703703704,"_step":16,"train_loss":0.08346625133840875,"epoch":16,"val_accuracy":90,"train_recall":0.9740740740740741,"val_loss":0.3885439733664195,"fold":2,"val_confusion_matrix_table":{"ncols":3,"path":"media/table/val_confusion_matrix_table_6_b4b98c3421a86f1e88c6.table.json","size":248,"nrows":4,"log_mode":"IMMUTABLE","_latest_artifact_path":"wandb-client-artifact://plbhbosnl0ojwan2ij87skqrw7hsdqhps7klualcbfud4i0i9cmxu104wltlyv1nhsj4a0cpz9z8agxb21wuahks640pma3yo8ybfa8yocuap87dfp8f5o46i981btwz:latest/val_confusion_matrix_table.table.json","_type":"table-file","artifact_path":"wandb-client-artifact://3w4gs8cr1onyoyozrb0axoh3v4s5znxtpvje94q3mmfnvqvta2sf3sxggpsqmx6daar76lb0tf3y2v819zwzuz8ps8irdatbcggvv8jmudatxbqse4t6ykm4kfb4d2s6/val_confusion_matrix_table.table.json","sha256":"b4b98c3421a86f1e88c67eb02882e8e6deb95efde6d515d764a096d445f64c5a"},"val_recall":0.896551724137931,"train_f1":0.9704797047970479,"train_precision":0.9669117647058824,"val_precision":0.9154929577464789,"val_f1":0.9059233449477352,"_runtime":101,"_wandb":{"runtime":101}}