{"fold":1,"val_recall":0.9172413793103448,"train_f1":0.9623352165725048,"val_accuracy":89.25925925925925,"epoch":19,"_step":19,"val_confusion_matrix_table":{"path":"media/table/val_confusion_matrix_table_9_77e61f9160c865feb039.table.json","sha256":"77e61f9160c865feb039c690f952d6bd70b1e76f7bbe99aa4af65e9a36ae9229","_type":"table-file","size":248,"ncols":3,"log_mode":"IMMUTABLE","_latest_artifact_path":"wandb-client-artifact://kthhmjofww4c8vdzsuwpai2clnuxsjuwtq799lfqt9lrb7fbpiksvjyt1iz42qae5bglvy3rxqnhh22es2ayqlolrrx3ja9gtk4vzlldtxu1xsqxqydq3da9mn4vdxo2:latest/val_confusion_matrix_table.table.json","nrows":4,"artifact_path":"wandb-client-artifact://4nh63oidgx2849yd9mm4v18d4pinrddwmb846vjb7vefb2zzes3njxoarrx4019iwzr0mn7336ggseaae06kjkxcjsm0zhwyplmncm6zg6vlen1kkavy4j4shwve0cg5/val_confusion_matrix_table.table.json"},"train_accuracy":96.29629629629629,"_runtime":123,"val_precision":0.8866666666666667,"val_f1":0.9016949152542373,"val_loss":0.34977913384015363,"_timestamp":1.7685867756808372e+09,"train_loss":0.10483635098419407,"_wandb":{"runtime":123},"train_recall":0.9462962962962963,"train_precision":0.9789272030651341}