{"val_loss":0.37983468423287076,"fold":0,"train_f1":0.9620018535681186,"epoch":18,"val_accuracy":86.66666666666667,"train_recall":0.9611111111111111,"train_precision":0.9628942486085343,"val_confusion_matrix_table":{"path":"media/table/val_confusion_matrix_table_8_d168e37849cfe6a1bb91.table.json","size":248,"artifact_path":"wandb-client-artifact://qf8hr4wtxwiwjn5203s9dz15uayccwvwtlff2qhwxe8ve0pfi17tcmhwk786px1txzkijb8lyb8led45ouazhbpmdffph8fam99aimzwhhrhrmllwk95akoemse4lknm/val_confusion_matrix_table.table.json","ncols":3,"log_mode":"IMMUTABLE","_type":"table-file","_latest_artifact_path":"wandb-client-artifact://ppi4k1pg45s8vgg58nm1vvvesnuaa2dcux639zk16hnssw0i27kk5qz7u00a6zqnxfwwun7e7g905xusdk67gh19dbo5pzkufadqf06wdo6tcbfenii0mr60ipx9drm3:latest/val_confusion_matrix_table.table.json","nrows":4,"sha256":"d168e37849cfe6a1bb91035c205b9eab2e21a1e25212241e3d205319c193e406"},"val_recall":0.896551724137931,"_wandb":{"runtime":135},"_runtime":135,"train_loss":0.10301962020722302,"val_precision":0.8609271523178808,"_step":18,"_timestamp":1.7661681654127822e+09,"val_f1":0.8783783783783784,"train_accuracy":96.20370370370371}