{"val_confusion_matrix_table":{"size":248,"ncols":3,"_latest_artifact_path":"wandb-client-artifact://rtmqfxfyx2oyhscj2edngt43fujbofk3w59lr99xs22witoj5dlpx4chf1c6vixezlwqxnj6veg1g42ky66yszzi9sec7v6wea8lm31cz695w1i5zb20yvv73xhc7zk1:latest/val_confusion_matrix_table.table.json","_type":"table-file","nrows":4,"sha256":"00917a1a1f7c07a03aed735b58b1ceae089bbc8e1ff2fd3607765c7636d57cb0","log_mode":"IMMUTABLE","path":"media/table/val_confusion_matrix_table_65_00917a1a1f7c07a03aed.table.json","artifact_path":"wandb-client-artifact://vqapcduxfg5xtmykii80gb03quz89ounf0i9r8ft1hh45w2qag14l63751tai217q4oigl1qkmrmukgfshn2gmpkktf60pgo277jlg1bywemh568oy7zf2j25j01opkg/val_confusion_matrix_table.table.json"},"val_precision":0.8666666666666667,"train_accuracy":77.22222222222223,"train_precision":0.7702205882352942,"val_recall":0.8068965517241379,"_step":67,"train_f1":0.7730627306273062,"epoch":67,"_timestamp":1.7687504335947883e+09,"val_f1":0.8357142857142857,"fold":2,"val_loss":0.5194046348333359,"train_recall":0.7759259259259259,"_runtime":9969,"_wandb":{"runtime":9969},"val_accuracy":82.96296296296296,"train_loss":0.5232809416272424}