{"epoch":21,"fold":1,"train_loss":0.09225727312944153,"val_recall":0.9517241379310345,"train_f1":0.9664179104477612,"val_confusion_matrix_table":{"ncols":3,"log_mode":"IMMUTABLE","path":"media/table/val_confusion_matrix_table_11_e1d306cf5f7d28382dfd.table.json","size":247,"sha256":"e1d306cf5f7d28382dfd6c4dd5acdf8e217c27e1e0ecc823dfd6c11c8ce8978b","nrows":4,"_latest_artifact_path":"wandb-client-artifact://fmbulmw83akyxc36ax3idq8kpeasiywixzayzspkgee2othlb3stzrv8ccckzwvz4pwfx8foykj2r59a5olohdjk4alfa2tzptc6wmgn1vmn3t9gu15xfqp86je6zu18:latest/val_confusion_matrix_table.table.json","_type":"table-file","artifact_path":"wandb-client-artifact://bqh1sbyvl8sm034uii6nd7seygc0o54lc5j3abzq6zto9djhzktpbwwt8lm4tfybhp9opeatsvlif8qadmnu6xkibw7wrfg1ytzh0amafrxt6pbvsjpvbmmcq6l55frx/val_confusion_matrix_table.table.json"},"_timestamp":1.7675186652901165e+09,"_wandb":{"runtime":103},"val_accuracy":87.03703703703704,"val_precision":0.8313253012048193,"val_f1":0.887459807073955,"_runtime":103,"train_accuracy":96.66666666666667,"val_loss":0.48420574764410657,"train_precision":0.9736842105263158,"train_recall":0.9592592592592593,"_step":21}