{"val_recall":0.9448275862068966,"val_loss":0.24711676066120467,"train_loss":0.11202159303833138,"train_recall":0.9592592592592593,"epoch":23,"fold":1,"_step":23,"train_precision":0.9646182495344506,"train_accuracy":96.20370370370371,"val_confusion_matrix_table":{"sha256":"8ad8317d3e0818ac7cfe9ed0404d57aa45d400711ae18ce278cf07213da794da","_type":"table-file","ncols":3,"size":247,"log_mode":"IMMUTABLE","artifact_path":"wandb-client-artifact://vq1y9izhvnwxssdoixx8bzgwm5f5s8l74iw0nt3ibeai1x3ulv0fhdrgn4e1rkgkgtfua1mhx08jw6eiabj68do0dmwakwr5q87dgfjtuofkr0cqcjfyu85u2mig1wtd/val_confusion_matrix_table.table.json","_latest_artifact_path":"wandb-client-artifact://xlly8k18np5cyv4zi0z51gp0hxgspfs6v3von0ihe3miruhyqabzoarmn85pxl4k831fzap2i7b0ym1bfh62dc5o89j0r0f1kk1wovcqfjoh7i0qtpm45tdwn0z0l3fb:latest/val_confusion_matrix_table.table.json","path":"media/table/val_confusion_matrix_table_13_8ad8317d3e0818ac7cfe.table.json","nrows":4},"_runtime":30127,"_timestamp":1.7685244016469586e+09,"train_f1":0.9619312906220984,"_wandb":{"runtime":30127},"val_precision":0.8954248366013072,"val_f1":0.9194630872483222,"val_accuracy":91.11111111111111}