{"_timestamp":1.7659011521626744e+09,"train_loss":0.10193573763932694,"train_accuracy":96.38888888888889,"train_f1":0.9638886102516223,"val_loss":0.3900933613379796,"val_precision":0.8679756895745674,"train_precision":0.9639032068891016,"val_f1":0.866111111111111,"train_recall":0.9638888888888889,"fold":3,"val_accuracy":86.66666666666667,"_wandb":{"runtime":49},"_step":18,"_runtime":49,"epoch":18,"val_recall":0.8666666666666667}