{"val_recall":0.9241379310344827,"val_precision":0.8589743589743589,"train_loss":0.1311695087193088,"_wandb":{"runtime":82},"epoch":16,"val_confusion_matrix_table":{"sha256":"f6e7b22bded222bded1a2419302f105adc06dd03af25645bad250a956e400603","size":248,"ncols":3,"_latest_artifact_path":"wandb-client-artifact://yofox5y9dm3qunoyjtvpehqdgvb8mz8ihr8n7o2hu6l7dqvio7gkzz2dmc8elr4n10ud372npzt0svoe3cz3juc9b2ngitp9vmb7cbb24x3uioh79oomx95g95wb394y:latest/val_confusion_matrix_table.table.json","artifact_path":"wandb-client-artifact://6bbmbtgejfandiq57p6cx2093qbnxhvouj1vsmoeb65vjonar917j0co026gxkw0jn8c2rjgq9fqdnbv1vb8q5oxzi9yy9h7kflewt41d34973g8bj9nh8gny7tshzg5/val_confusion_matrix_table.table.json","_type":"table-file","log_mode":"IMMUTABLE","path":"media/table/val_confusion_matrix_table_6_f6e7b22bded222bded1a.table.json","nrows":4},"_runtime":82,"val_loss":0.4224268818895022,"_step":16,"train_accuracy":95.46296296296296,"val_f1":0.8903654485049833,"fold":1,"train_precision":0.9521178637200737,"train_f1":0.9547553093259464,"train_recall":0.9574074074074074,"val_accuracy":87.77777777777777,"_timestamp":1.7685883334658723e+09}