{"_runtime":100,"fold":3,"train_recall":0.9592592592592593,"val_confusion_matrix_table":{"log_mode":"IMMUTABLE","_latest_artifact_path":"wandb-client-artifact://9fzmz4hsvr5l1danh6uoxej7aufuf1khh5o0bgrstpw4am8vlw157snz8zzmgtldf6oeo2mioli74mszvrtfw9zio0mvrijnbq5zxukp8f6d3ndgdla47y50psqcp9sb:latest/val_confusion_matrix_table.table.json","artifact_path":"wandb-client-artifact://a4jyq2bma22y11cycj4svwwiqmy8gkw9f7qvx41lt80nnvwkzuh28nm4axr10e1usjaku37kf88rb9t5j917g4wd0wqhno3009rakevdi0o1hrve9aymg6rz6wsrk9y3/val_confusion_matrix_table.table.json","_type":"table-file","ncols":3,"size":248,"path":"media/table/val_confusion_matrix_table_10_ecfab6118ccbfed3788c.table.json","nrows":4,"sha256":"ecfab6118ccbfed3788c4e7b8d6e05baaa3eb2b7f2b2899b25f9e6823758bd26"},"epoch":20,"_timestamp":1.767373798384077e+09,"train_f1":0.9583718778908418,"_step":20,"val_precision":0.9142857142857143,"val_f1":0.8982456140350877,"train_loss":0.09528098323128441,"train_precision":0.9574861367837338,"train_accuracy":95.83333333333333,"val_accuracy":89.25925925925925,"val_loss":0.369368980328242,"_wandb":{"runtime":100},"val_recall":0.8827586206896552}