{"train_accuracy":99.62997224791859,"_wandb":{"runtime":239},"_step":49,"train_loss":0.0076151493470596595,"val_loss":1.7263933854021716,"epoch":50,"_runtime":239.9390735,"val_accuracy":88.92988929889299,"_timestamp":1.7515415435826602e+09}