{"_wandb":{"runtime":112},"val_recall":0.9310344827586207,"val_precision":0.8083832335329342,"train_loss":0.13537757801399988,"_runtime":112,"train_recall":0.9333333333333333,"train_f1":0.9464788732394366,"val_accuracy":84.44444444444444,"fold":3,"val_loss":0.5905879993330349,"val_f1":0.8653846153846154,"epoch":14,"_timestamp":1.7685599666619735e+09,"train_precision":0.96,"train_accuracy":94.72222222222223,"_step":14,"val_confusion_matrix_table":{"size":248,"_type":"table-file","sha256":"dbc2515034034a8bd36bd40a7c1ac90eb6983dad6b5511fb4abcd345d2353a44","log_mode":"IMMUTABLE","nrows":4,"_latest_artifact_path":"wandb-client-artifact://ahcoqahp34ohz6kypb292ixaxh7qnfke5r8d71g30bnrgvawei62gze559uun7o371iinpodqazeoj5rzt3okww9hzylj101gys9rils6hwoe5dny8baquy3673edx4j:latest/val_confusion_matrix_table.table.json","ncols":3,"path":"media/table/val_confusion_matrix_table_4_dbc2515034034a8bd36b.table.json","artifact_path":"wandb-client-artifact://7wv5vqfeyjr7ile0yaeay24tbirzbwcwfkgn1jxxxmr7w9p1vc6zc0qzwr432sgjk06gw5ioox3938pduhsqczza55mfaolb725mbzo2e0n2kp63gxkp9udljghyixlb/val_confusion_matrix_table.table.json"}}