{"val_confusion_matrix_table":{"_type":"table-file","size":248,"path":"media/table/val_confusion_matrix_table_10_3a17666dbff78cc66023.table.json","log_mode":"IMMUTABLE","_latest_artifact_path":"wandb-client-artifact://oad27z2i6cx2pntpzegfmnde623weyfdww4f0rwk3dfmg8b3xqzqbup4o0h580tlqx8vsdy4jkaeefdfhrc40coctahh5bqgx14ujz6tabuh8988v387a4khbuu48h4a:latest/val_confusion_matrix_table.table.json","nrows":4,"sha256":"3a17666dbff78cc66023de56d26b543207ed800a4ab7765efed5b4f35bd63ae1","ncols":3,"artifact_path":"wandb-client-artifact://bm6m8x46tc0i5fv7btkg68o6ew7w5g9ualr0jjktltod9bdpa7cyc4mo8p6yfjzmqrh9bigr94ezu2x9jnsa6bcik5f28jn5xn5ruef1ds3gggx1z00xesxzkj1d1nu9/val_confusion_matrix_table.table.json"},"val_precision":0.864516129032258,"_runtime":97,"train_loss":0.08973069086840207,"train_precision":0.9683426443202979,"val_loss":0.3747757862632473,"_timestamp":1.7685669610265648e+09,"fold":1,"val_recall":0.9241379310344827,"val_accuracy":88.14814814814815,"train_f1":0.9656453110492108,"_wandb":{"runtime":97},"val_f1":0.8933333333333333,"epoch":20,"train_recall":0.9629629629629629,"train_accuracy":96.57407407407408,"_step":20}