{"precision":0.7768595041322314,"val_accuracy":72.32472324723247,"_wandb":{"runtime":15},"confusion_matrix":{"ncols":3,"nrows":4,"_type":"table-file","sha256":"fb63972a6c46fe2cb30a23d6f5b191de89331d5a23fffe82e665aa6390b779c7","size":104,"artifact_path":"wandb-client-artifact://77n72dywh9ec3gvbcdedbpjk1duji67f85m9rpvh2448pgpdry4brlkubacxevkrkp9pgh8yisfhk4ked537c297mr0bqvbq9qe411jn3n185wqph2rbkqk83h737mmu/confusion_matrix.table.json","_latest_artifact_path":"wandb-client-artifact://j4e9ev1rv89lkdpwu8k9fua8ryrpyd5qrdm9ds59tnyklgmsnzpwsv49cgebacj9928429njldb2xsxq9zum11kynxhsl0kosdwgba8oc0cu6wue9zspm3tf409lvkbs:latest/confusion_matrix.table.json","path":"media/table/confusion_matrix_0_fb63972a6c46fe2cb30a.table.json"},"f1_score":0.714828897338403,"train_loss":0.7849704149891349,"val_loss":0.5689819840823903,"recall":0.6619718309859155,"_runtime":15.5694989,"learning_rate":0.005,"_timestamp":1.7562977038225536e+09,"_step":1,"train_accuracy":55.96669750231268}