{"val_f1":0.8736462093862816,"val_loss":0.6581494671603044,"epoch":13,"train_precision":0.9552238805970149,"_timestamp":1.7661664613374896e+09,"train_recall":0.9481481481481482,"_runtime":129,"val_recall":0.8344827586206897,"_wandb":{"runtime":129},"val_confusion_matrix_table":{"sha256":"5a12b2e83012622564bf6e7cd459f9febd9844a678d2dc177f4ae028b31be2c8","nrows":4,"size":248,"log_mode":"IMMUTABLE","path":"media/table/val_confusion_matrix_table_3_5a12b2e83012622564bf.table.json","_type":"table-file","_latest_artifact_path":"wandb-client-artifact://7xfkm0bi7kyho1wl3d8atq2qlnrpqyunp45p6fxzl9gc7wgd30gwgsyn83g66f8p1qdvy1ru7rijb8oe2p71ugtjbhc8c17gpbdnejqw77ekwbzbn1rhz9p4pcgehs8g:latest/val_confusion_matrix_table.table.json","artifact_path":"wandb-client-artifact://mp8h0es3xb5a6ksgf8cf6ajrgf3y68dmqdzwd9x3llc29aq84537extjj9cnvjm7waihkou78unu0c82asv7d8uflah4kxrmhoudq4d5le41fwgyojmcwkr5oyckksb8/val_confusion_matrix_table.table.json","ncols":3},"train_accuracy":95.18518518518519,"_step":13,"train_loss":0.21587743720209057,"fold":1,"val_accuracy":87.03703703703704,"train_f1":0.9516728624535316,"val_precision":0.9166666666666666}