{"train_f1":0.965452847805789,"train_loss":0.10211802612651479,"val_f1":0.9337748344370861,"val_loss":0.3278663357098897,"fold":3,"val_precision":0.8980891719745223,"train_accuracy":96.57407407407408,"_step":17,"_timestamp":1.767846613859985e+09,"_wandb":{"runtime":114},"val_accuracy":92.5925925925926,"train_precision":0.9736346516007532,"val_recall":0.9724137931034482,"_runtime":114,"val_confusion_matrix_table":{"ncols":3,"_type":"table-file","_latest_artifact_path":"wandb-client-artifact://8x2y05iyvl7h0vg56k2q0cr4pvb0q908pc1kg5hxeemv4vrifpxka7j7s20od5t131hfulur5kqn0puozemgx5n5vvv9yj8wi0g9o10twglawq6uf95uk69j4d8nixus:latest/val_confusion_matrix_table.table.json","path":"media/table/val_confusion_matrix_table_7_d3cbb17ec11a2cf5ae7a.table.json","artifact_path":"wandb-client-artifact://i6sr07rel1k51ajis033gcyvo5js2hk8b5b2s2ekj8a0fsdepbj4whghvxxeo0pz5lgfwuqdpnxvjjjmjy33lgtttzdhkqnix1q5uoh8w37uaq6a1r7bzavmhqhlq7dw/val_confusion_matrix_table.table.json","log_mode":"IMMUTABLE","nrows":4,"size":247,"sha256":"d3cbb17ec11a2cf5ae7a14df724c3bf1ec3341eef8d6abd8359905c925f22e0f"},"train_recall":0.9574074074074074,"epoch":17}