{"train_recall":0.9481481481481482,"_step":21,"val_accuracy":85.18518518518519,"epoch":21,"val_f1":0.8717948717948718,"_timestamp":1.7673731653265557e+09,"val_precision":0.8143712574850299,"train_precision":0.9678638941398866,"fold":3,"train_accuracy":95.83333333333333,"val_confusion_matrix_table":{"path":"media/table/val_confusion_matrix_table_11_d168e37849cfe6a1bb91.table.json","size":248,"nrows":4,"ncols":3,"log_mode":"IMMUTABLE","_latest_artifact_path":"wandb-client-artifact://7ym4t27ip2gg4irsrigx5oj1tgdzlzjh0drzozhkc34m3gf6b0yo769fzzipt9k7sjsiwwt850era3pivhnjd9kqe813hh5wozn0vndj4flmxcd4xk4u7rikkyb13wlp:latest/val_confusion_matrix_table.table.json","sha256":"d168e37849cfe6a1bb91035c205b9eab2e21a1e25212241e3d205319c193e406","artifact_path":"wandb-client-artifact://p3yokau9mfc20cmshu5g7hbgqioh017ahwdsqb1w9ssrb17pancx8omi5e1caiuft41m0drdh5noq3q9xshnqhg2h9eg25wegcgqvb3peag9v6iuh3oixa6zuc31q7vi/val_confusion_matrix_table.table.json","_type":"table-file"},"val_loss":0.47703128059705097,"_runtime":104,"val_recall":0.9379310344827586,"train_loss":0.11476451954381033,"_wandb":{"runtime":104},"train_f1":0.9579045837231057}