{"val_f1":0.8388153806230443,"_timestamp":1.7659019069779892e+09,"train_precision":0.9297239448987432,"train_accuracy":92.96296296296296,"_step":13,"val_precision":0.8475075515738166,"epoch":13,"val_accuracy":84.07407407407408,"val_loss":0.9389814113577207,"train_f1":0.9296257682177348,"train_loss":0.27597793513400987,"val_recall":0.8407407407407408,"_wandb":{"runtime":97},"train_recall":0.9296296296296296,"_runtime":97,"fold":3}