{"val_loss":0.40044205139080685,"val_precision":0.8354430379746836,"epoch":16,"val_f1":0.8712871287128713,"_wandb":{"runtime":85},"val_confusion_matrix_table":{"log_mode":"IMMUTABLE","_latest_artifact_path":"wandb-client-artifact://l7y3rh74td1twh45jly37qj9lo86i0rpv4jq4yio2e9uudutny5ock70bltvb4ursek8pgthkcpdfmhn2btuig14uv6wmxjufo7ujcmd2d2py4mqizsp2mfg55ke30sa:latest/val_confusion_matrix_table.table.json","path":"media/table/val_confusion_matrix_table_6_4081ac20f263ce21b31a.table.json","sha256":"4081ac20f263ce21b31a5c5d943197a71a99f56344ff170d70746c04de4d54d6","artifact_path":"wandb-client-artifact://3te2pzy38tet6r4230r1iecszxhg36qouh23o3krkq6rq4m3rhjh9qpa9w399s0te8bfwjrjvpf8cbwpoxla66e3r1vir26fhp5a0b9i7is8x4bncxvrf47jpklpugwg/val_confusion_matrix_table.table.json","size":248,"_type":"table-file","nrows":4,"ncols":3},"val_recall":0.9103448275862069,"train_loss":0.08980127390135419,"_step":16,"train_accuracy":96.57407407407408,"_timestamp":1.7673673790906072e+09,"fold":3,"val_accuracy":85.55555555555556,"train_recall":0.9629629629629629,"_runtime":85,"train_f1":0.9656453110492108,"train_precision":0.9683426443202979}