{"_step":17,"train_precision":0.9644859813084112,"fold":0,"val_precision":0.8407643312101911,"train_f1":0.96,"val_loss":0.5577470362186432,"_runtime":83,"val_f1":0.8741721854304636,"_timestamp":1.7674481492700007e+09,"epoch":17,"val_recall":0.9103448275862069,"train_loss":0.12231205031275749,"_wandb":{"runtime":83},"train_accuracy":96.01851851851852,"val_confusion_matrix_table":{"_latest_artifact_path":"wandb-client-artifact://6kchpjfzkqzd3n3wppzox9kd98qkefpa85lbevcxi8x7aosi6rwjxvw3zzc291ppfu9f584vfmtde4keqhbvk2d3tjyb150uwkmoe1d8c9xu8zykg9culjnzk6g3yb3h:latest/val_confusion_matrix_table.table.json","nrows":4,"artifact_path":"wandb-client-artifact://l0lox7a1ig1ndd898arz1cxgtqt3197eyzae99j1dqhr6id7h6s5q0eb8g0hq0lihbn81apj1lvaw505xyacl2115pau18ui442y6qgm4n9qow5fd89ds5jrrqjq2nf0/val_confusion_matrix_table.table.json","size":248,"sha256":"18de8089451a70a46ab65d24e8af281e426a7023b4c3005446d98962e52a40b3","log_mode":"IMMUTABLE","_type":"table-file","path":"media/table/val_confusion_matrix_table_7_18de8089451a70a46ab6.table.json","ncols":3},"val_accuracy":85.92592592592592,"train_recall":0.9555555555555556}