{"_runtime":70,"_timestamp":1.7685885921299205e+09,"train_recall":0.9555555555555556,"fold":4,"val_accuracy":84.44444444444444,"_wandb":{"runtime":70},"train_precision":0.9644859813084112,"train_accuracy":96.01851851851852,"train_f1":0.96,"val_f1":0.8551724137931035,"val_loss":0.5874287510911623,"train_loss":0.1206505826081742,"epoch":13,"_step":13,"val_confusion_matrix_table":{"_latest_artifact_path":"wandb-client-artifact://882pdryu7dl3cpmig1089g12fa31ore5dcmhy8hqgn6l0fuvp84reorqvph8bbw5q55np2u99207rkme60jegvap3xq1069malb9okhtt5iql38jbhyquogcf8tcfedn:latest/val_confusion_matrix_table.table.json","nrows":4,"artifact_path":"wandb-client-artifact://ofg6a3f54z9ctm38ztc9uruykmxpoxuja4lzd4ae5q3vk5wf1ayh57fi5lv64kxk1azk6fwc3fm87l8yw6q97il0g03sjug4rq18r3jsom0qt2h5aw6ivag07rgr79ya/val_confusion_matrix_table.table.json","_type":"table-file","log_mode":"IMMUTABLE","path":"media/table/val_confusion_matrix_table_3_2e9019a2e84710b6e32a.table.json","size":248,"ncols":3,"sha256":"2e9019a2e84710b6e32a819840cb4ab08a505cb55bfc2f494772faefa40924dc"},"val_precision":0.8551724137931035,"val_recall":0.8551724137931035}