{"_timestamp":1.7673733444322135e+09,"train_recall":0.9648148148148148,"_wandb":{"runtime":87},"train_loss":0.08731396140700037,"val_recall":0.9241379310344827,"val_loss":0.4262561599413554,"val_accuracy":87.77777777777777,"train_accuracy":97.12962962962963,"fold":3,"val_confusion_matrix_table":{"sha256":"f14d0abe5441538924fc6c5b4bb305db6efa7ee43dbd43e4fc0971e1b85c7346","artifact_path":"wandb-client-artifact://6ayrbwennvz4sqp0r61bjll3k2khz5u703llrueczs5cbribcq3740vw1b369f2fes0rjmm12uhbwjw4qh8ejry8kwg53tk9b1ei5cgt7beuefqtdhd4co2jagyjtuaj/val_confusion_matrix_table.table.json","log_mode":"IMMUTABLE","_type":"table-file","nrows":4,"_latest_artifact_path":"wandb-client-artifact://1syyidqzv0okgm6p9rba0g72mxhea1c1ra5022fnrb99kahr4ddv2zzto1h7v4f0s9vuycz8qb3bwtw3iewbofvhz1jxrncupuuh59agoknnrvc0dckciagb28k31v5d:latest/val_confusion_matrix_table.table.json","size":248,"ncols":3,"path":"media/table/val_confusion_matrix_table_7_f14d0abe5441538924fc.table.json"},"epoch":17,"val_f1":0.8903654485049833,"val_precision":0.8589743589743589,"train_precision":0.9774859287054409,"_step":17,"train_f1":0.9711090400745573,"_runtime":87}