{"val_confusion_matrix_table":{"size":247,"log_mode":"IMMUTABLE","nrows":4,"sha256":"0cc664626d46674f145d3b98ba231254593dc2d47c8e720d535d7518b8367b3c","_type":"table-file","_latest_artifact_path":"wandb-client-artifact://astapq4o1x9dert3x1js1byi8o8t0i1bzea9jhr4tfyvpfcovt3dwbn5fpi9wigkbrzgt8g31qd62yxf3r364ot7xqigbi9832otbxnekpzycnel2xmzi80i2nbrtant:latest/val_confusion_matrix_table.table.json","artifact_path":"wandb-client-artifact://r36u2z54x7z4j3ff0zltf0knybu61othpl5d7n1ujrknir4msm7ku8akjknl9nw5prpg4a70yjp819uukq2e035f6h718q6pgy1py1wf2k54t0z85z73xo37b6mp7mu8/val_confusion_matrix_table.table.json","path":"media/table/val_confusion_matrix_table_4_0cc664626d46674f145d.table.json","ncols":3},"_wandb":{"runtime":156},"_runtime":156,"val_precision":0.8918918918918919,"_timestamp":1.766166326044642e+09,"_step":14,"train_f1":0.9561157796451915,"train_accuracy":95.64814814814815,"val_recall":0.9103448275862069,"train_precision":0.9642184557438794,"val_f1":0.9010238907849829,"fold":0,"train_loss":0.16585022761401805,"epoch":14,"val_loss":0.7840698783596357,"train_recall":0.9481481481481482,"val_accuracy":89.25925925925925}