{"_wandb":{"runtime":70},"train_loss":0.09157550309530714,"val_loss":0.5571757058302561,"fold":0,"val_accuracy":83.70370370370371,"train_recall":0.9657407407407408,"_runtime":70,"train_accuracy":96.57407407407408,"train_precision":0.9659340810144129,"_timestamp":1.7660684362439692e+09,"val_recall":0.837037037037037,"_step":19,"val_f1":0.836358024691358,"val_precision":0.8380136096826138,"train_f1":0.965737186385076,"val_confusion_matrix_table":{"nrows":4,"path":"media/table/val_confusion_matrix_table_8_e4bc344413baa615ec04.table.json","_latest_artifact_path":"wandb-client-artifact://01ma1y5b5but1saawkq1vtoeswmseuo801284f0nnlmqbg3xwctcwe11do0t0u1lkgmtpwni25e1ims0ggfpbxt84gwntzlrmflxfcd34oa3zskido7y8hsim9y8z9fl:latest/val_confusion_matrix_table.table.json","_type":"table-file","sha256":"e4bc344413baa615ec04e305ac83e4f4dc3bc8a593b77124655838c286ab56d3","ncols":3,"log_mode":"IMMUTABLE","size":248,"artifact_path":"wandb-client-artifact://tt2fd5punp2dbe5mj2z3o65lyk8p2eqzp8p14merjit8r0zmbaid12i27wl9v42r1av8lu11tqakasvoo70849sp2zcbgzf46io9lzjt4adfvyh1ie312w13mhvd5wae/val_confusion_matrix_table.table.json"},"epoch":14}