{"_step":15,"val_f1":0.8961038961038961,"val_recall":0.9517241379310345,"_wandb":{"runtime":180},"_timestamp":1.7685595142640154e+09,"val_loss":0.49230799524494534,"train_loss":0.1333158106162128,"val_accuracy":88.14814814814815,"train_f1":0.9479553903345725,"_runtime":180,"val_confusion_matrix_table":{"sha256":"120ce0ead113e403f536b2090a1cab36005267d529b26341ce911920b5e1b861","_type":"table-file","path":"media/table/val_confusion_matrix_table_5_120ce0ead113e403f536.table.json","nrows":4,"size":247,"ncols":3,"artifact_path":"wandb-client-artifact://9ozsegq79b5zfpt2193rrryffc2nfx64vix33vviqyuebr6wpjv36bhhf816l34qb372epoo4ptyexwt2avypad7jlth51revp0bnlfc4jsmrrmqwbf8sdlfm7j0c9x9/val_confusion_matrix_table.table.json","_latest_artifact_path":"wandb-client-artifact://amv9w7kszfd0guuqbln27i7wdqt9ho7tlholsugufp84dag13sfn44ifhd5w71khpmd2pejmz8q3534v93j8cqbo8523zqg25y4c9r5ekbzbjpum4axbk8fwn6hh7n0r:latest/val_confusion_matrix_table.table.json","log_mode":"IMMUTABLE"},"train_recall":0.9444444444444444,"train_precision":0.9514925373134329,"epoch":15,"val_precision":0.8466257668711656,"fold":0,"train_accuracy":94.81481481481481}