{"train_loss":0.3304072225635702,"train_accuracy":84.9074074074074,"_step":3,"_timestamp":1.766164497615753e+09,"_wandb":{"runtime":597},"val_confusion_matrix_table":{"path":"media/table/val_confusion_matrix_table_3_8ec37c26e0f66f1cf722.table.json","_type":"table-file","size":247,"ncols":3,"log_mode":"IMMUTABLE","nrows":4,"_latest_artifact_path":"wandb-client-artifact://nnr3bwepffc5uvvib730uhpipyvvzo3iefwsjbw85ffwdiys3zv3jcphxulmg7l9rn0h1pa274s7x2pcllsp2l3ite3wj9ug0b2lh5d42saicfn0tl6eo6lmds2hfhkq:latest/val_confusion_matrix_table.table.json","artifact_path":"wandb-client-artifact://yw0cubx5gvtmsutjvel7qc5cc8oud1s8f20xzi43ykwan17h2at7549756we60ofxsw8kk1gxpk3k71hcv9n5f3jzy1r04yixpowje74e4qr37rmxht08e1llv9wbr5p/val_confusion_matrix_table.table.json","sha256":"8ec37c26e0f66f1cf722160f3bcc791af4dc83d6ececcfc8b21463ac2a882ed0"},"train_recall":0.837037037037037,"val_accuracy":82.22222222222223,"fold":0,"val_recall":0.9241379310344827,"train_precision":0.857685009487666,"train_f1":0.8472352389878163,"val_f1":0.8481012658227848,"_runtime":597,"val_loss":0.3986949510872364,"epoch":3,"val_precision":0.783625730994152}