{"val_accuracy":84.81481481481481,"val_confusion_matrix_table":{"_type":"table-file","artifact_path":"wandb-client-artifact://ig8z1vwb1sc6xldkb046qscbw2nfp6z0f3h63leviws167xk1aekurtfflb1u4hp1abkq6whojayaxgak2st48f0rva675rrmayeuxwffg5oy3wlojybie2ox6dmy6ks/val_confusion_matrix_table.table.json","ncols":3,"log_mode":"IMMUTABLE","nrows":4,"sha256":"03a821280bb11f60d3a47ef2094e33782efc2919587fba329a172e7bcaa61edc","_latest_artifact_path":"wandb-client-artifact://lbn7011cei72xipq02s7bwu9ibtp7dcvo8pwgoa4hhzg0obeq0kqmfr2u3yryc4yu86143yya4b1ng8f749egs6607jurldoh9fxflsjl8cvek8aufd69gowsg4g4bcq:latest/val_confusion_matrix_table.table.json","path":"media/table/val_confusion_matrix_table_5_03a821280bb11f60d3a4.table.json","size":247},"val_loss":0.7894493093093237,"epoch":15,"fold":4,"train_accuracy":94.25925925925925,"_timestamp":1.7685849860954401e+09,"val_recall":0.8068965517241379,"val_f1":0.850909090909091,"val_precision":0.9,"train_f1":0.9420560747663551,"_step":15,"train_precision":0.9509433962264151,"_runtime":90,"train_loss":0.13398625955662943,"train_recall":0.9333333333333333,"_wandb":{"runtime":90}}