{"val_loss":0.4656781662594188,"train_recall":0.9518518518518518,"train_loss":0.14657065443779257,"_timestamp":1.7685586814599857e+09,"val_precision":0.8636363636363636,"_step":16,"val_accuracy":87.77777777777777,"fold":2,"train_accuracy":95.74074074074075,"val_f1":0.8896321070234113,"val_recall":0.9172413793103448,"epoch":16,"_wandb":{"runtime":122},"train_f1":0.957169459962756,"_runtime":122,"val_confusion_matrix_table":{"sha256":"ac964aab66bd95958d14cda4c75595fb6e98f15e2e269015b98d2791775e3d1f","size":248,"nrows":4,"ncols":3,"path":"media/table/val_confusion_matrix_table_6_ac964aab66bd95958d14.table.json","log_mode":"IMMUTABLE","_type":"table-file","_latest_artifact_path":"wandb-client-artifact://8bpujjirl35n6qpdb93zymquyo6j9o5s9hjhr47v0w6q3nvxfov2a70l38e6iz5dw8oe70oedqguxmn61ds0n01mn3nlta3xa5kk4fep1heelcyanp6jhryhg0ojchoy:latest/val_confusion_matrix_table.table.json","artifact_path":"wandb-client-artifact://x8plzghiq9y0qraltj38sxucgvgk770wddijgumw0z6m74xkiym9ww2kf0ynpyk8jgifjfz4qu0mw8w8gw9xifhp7vje1vbzmaw0asts0jvm2l82jpkuwcd496haack4/val_confusion_matrix_table.table.json"},"train_precision":0.9625468164794008}