{"train_recall":0.9537037037037037,"val_loss":0.4421239544947942,"val_accuracy":86.29629629629629,"epoch":16,"val_confusion_matrix_table":{"nrows":4,"_type":"table-file","_latest_artifact_path":"wandb-client-artifact://rt7kncg3e27k5jfx52j780wmo0u4m4tvuzfs6amcst8jyph7c8lo2ucm3lmeb9fiqt21c1733ibd51idpvww282j83ghm703zifmno3mht68da2ibaducdrxdhexqmi7:latest/val_confusion_matrix_table.table.json","log_mode":"IMMUTABLE","ncols":3,"sha256":"262cd136c9e53c14b5515279724668a2df50338192ac023047d31d73116d66ff","size":248,"artifact_path":"wandb-client-artifact://xhi7155qof2bw8y3bzlsdr99ao8mpcpex3k88ewhw4bqe62xoui1d4pfqoqysd8q7nga19eyeqtg1sloy3v60h7alptiklcws3ijwtjzt3go5wkwgcd3chfes1ji1pu7/val_confusion_matrix_table.table.json","path":"media/table/val_confusion_matrix_table_6_262cd136c9e53c14b551.table.json"},"train_f1":0.9572490706319703,"val_precision":0.86,"train_loss":0.11469376713714817,"_timestamp":1.7685845176282265e+09,"fold":3,"train_precision":0.960820895522388,"val_f1":0.8745762711864407,"_wandb":{"runtime":117},"val_recall":0.8896551724137931,"train_accuracy":95.74074074074075,"_runtime":117,"_step":16}