{"_runtime":109,"_step":26,"train_accuracy":97.5,"train_loss":0.06883402676744894,"_timestamp":1.7674482610149636e+09,"val_precision":0.8536585365853658,"fold":1,"val_f1":0.9061488673139159,"train_recall":0.975925925925926,"val_confusion_matrix_table":{"artifact_path":"wandb-client-artifact://9zjz5qmly1dveixmcrc4pdcv7mlrzjxk2luew2sql8xoxa6m7z3png3plz33ogng2tmxd3o5q5w117pu6rfcmj41ykjqik41vmhmm8t5f1nnyta07z1jzucwrnhs9d3r/val_confusion_matrix_table.table.json","path":"media/table/val_confusion_matrix_table_16_d3cbb17ec11a2cf5ae7a.table.json","log_mode":"IMMUTABLE","ncols":3,"size":247,"nrows":4,"sha256":"d3cbb17ec11a2cf5ae7a14df724c3bf1ec3341eef8d6abd8359905c925f22e0f","_latest_artifact_path":"wandb-client-artifact://50yqrcw2ki8moysveczbtgpnfo2cbcmybw3nnmroiklg6duu9el16ijc17s62wkzvu560zjb09169wgip3u02lpq0nig40innhd4mhs0967k41srbr6qmitatkohufit:latest/val_confusion_matrix_table.table.json","_type":"table-file"},"val_recall":0.9655172413793104,"epoch":26,"val_loss":0.3763243754704793,"_wandb":{"runtime":109},"val_accuracy":89.25925925925925,"train_precision":0.9741219963031423,"train_f1":0.9750231267345051}